--
-- PostgreSQL database dump
--

-- Dumped from database version 14.9 (Homebrew)
-- Dumped by pg_dump version 14.9 (Homebrew)

SET statement_timeout = 0;
SET lock_timeout = 0;
SET idle_in_transaction_session_timeout = 0;
SET client_encoding = 'UTF8';
SET standard_conforming_strings = on;
SELECT pg_catalog.set_config('search_path', '', false);
SET check_function_bodies = false;
SET xmloption = content;
SET client_min_messages = warning;
SET row_security = off;

--
-- Data for Name: auth_group; Type: TABLE DATA; Schema: public; Owner: admin
--

COPY public.auth_group (id, name) FROM stdin;
\.


--
-- Data for Name: django_content_type; Type: TABLE DATA; Schema: public; Owner: admin
--

COPY public.django_content_type (id, app_label, model) FROM stdin;
1	foodcartapp	restaurant
2	foodcartapp	productcategory
3	foodcartapp	product
4	foodcartapp	restaurantmenuitem
5	foodcartapp	order
6	foodcartapp	orderitem
7	place	place
8	admin	logentry
9	auth	permission
10	auth	group
11	auth	user
12	contenttypes	contenttype
13	sessions	session
\.


--
-- Data for Name: auth_permission; Type: TABLE DATA; Schema: public; Owner: admin
--

COPY public.auth_permission (id, name, content_type_id, codename) FROM stdin;
1	Can add товар	1	add_product
2	Can change товар	1	change_product
3	Can delete товар	1	delete_product
4	Can view товар	1	view_product
5	Can add ресторан	2	add_restaurant
6	Can change ресторан	2	change_restaurant
7	Can delete ресторан	2	delete_restaurant
8	Can view ресторан	2	view_restaurant
9	Can add пункт меню ресторана	3	add_restaurantmenuitem
10	Can change пункт меню ресторана	3	change_restaurantmenuitem
11	Can delete пункт меню ресторана	3	delete_restaurantmenuitem
12	Can view пункт меню ресторана	3	view_restaurantmenuitem
13	Can add категория	4	add_productcategory
14	Can change категория	4	change_productcategory
15	Can delete категория	4	delete_productcategory
16	Can view категория	4	view_productcategory
17	Can add log entry	5	add_logentry
18	Can change log entry	5	change_logentry
19	Can delete log entry	5	delete_logentry
20	Can view log entry	5	view_logentry
21	Can add permission	6	add_permission
22	Can change permission	6	change_permission
23	Can delete permission	6	delete_permission
24	Can view permission	6	view_permission
25	Can add group	7	add_group
26	Can change group	7	change_group
27	Can delete group	7	delete_group
28	Can view group	7	view_group
29	Can add user	8	add_user
30	Can change user	8	change_user
31	Can delete user	8	delete_user
32	Can view user	8	view_user
33	Can add content type	9	add_contenttype
34	Can change content type	9	change_contenttype
35	Can delete content type	9	delete_contenttype
36	Can view content type	9	view_contenttype
37	Can add session	10	add_session
38	Can change session	10	change_session
39	Can delete session	10	delete_session
40	Can view session	10	view_session
41	Can add order item	11	add_orderitem
42	Can change order item	11	change_orderitem
43	Can delete order item	11	delete_orderitem
44	Can view order item	11	view_orderitem
45	Can add заказ	12	add_order
46	Can change заказ	12	change_order
47	Can delete заказ	12	delete_order
48	Can view заказ	12	view_order
49	Can add place	13	add_place
50	Can change place	13	change_place
51	Can delete place	13	delete_place
52	Can view place	13	view_place
\.


--
-- Data for Name: auth_group_permissions; Type: TABLE DATA; Schema: public; Owner: admin
--

COPY public.auth_group_permissions (id, group_id, permission_id) FROM stdin;
\.


--
-- Data for Name: auth_user; Type: TABLE DATA; Schema: public; Owner: admin
--

COPY public.auth_user (id, password, last_login, is_superuser, username, first_name, last_name, email, is_staff, is_active, date_joined) FROM stdin;
1	pbkdf2_sha256$600000$H2Ga40dy3kqkei2QwCQE3l$omjOiTcAthHVQtUwcM+w7W/6aUmkobahJ3tffL546SU=	2023-08-22 13:37:49.503+03	t	pavelkolotov				t	t	2023-07-04 20:36:31.321+03
2	pbkdf2_sha256$600000$KMwhU2euC0kTwPuoOmv8ld$HQIg2M47DrrfxgWYNe2GhrUlhVjKR/xobgSauKdWtEE=	2023-11-13 15:45:38.548059+03	t	admin				t	t	2023-08-31 17:31:48.939+03
\.


--
-- Data for Name: auth_user_groups; Type: TABLE DATA; Schema: public; Owner: admin
--

COPY public.auth_user_groups (id, user_id, group_id) FROM stdin;
\.


--
-- Data for Name: auth_user_user_permissions; Type: TABLE DATA; Schema: public; Owner: admin
--

COPY public.auth_user_user_permissions (id, user_id, permission_id) FROM stdin;
\.


--
-- Data for Name: django_admin_log; Type: TABLE DATA; Schema: public; Owner: admin
--

COPY public.django_admin_log (id, action_time, object_id, object_repr, action_flag, change_message, content_type_id, user_id) FROM stdin;
1	2023-07-04 20:50:26.787+03	1	Бургер	1	[{"added": {}}]	4	1
2	2023-07-04 20:57:48.73+03	1	Стейкхаус	1	[{"added": {}}]	1	1
3	2023-07-04 21:00:59.731+03	1	Стейкхаус	2	[{"changed": {"fields": ["\\u041e\\u043f\\u0438\\u0441\\u0430\\u043d\\u0438\\u0435"]}}]	1	1
4	2023-07-04 21:01:51.729+03	2	Лонг Чизбургер	1	[{"added": {}}]	1	1
5	2023-07-04 21:02:52.573+03	3	Тройной Воппер	1	[{"added": {}}]	1	1
6	2023-07-04 21:03:24.789+03	4	Беконайзер	1	[{"added": {}}]	1	1
7	2023-07-04 21:04:02.593+03	2	Ролл	1	[{"added": {}}]	4	1
8	2023-07-04 21:04:25.227+03	5	Фиш Ролл	1	[{"added": {}}]	1	1
9	2023-07-04 21:05:40.255+03	6	Шримп Ролл	1	[{"added": {}}]	1	1
10	2023-07-04 21:06:31.652+03	1	Star Burger Арбат	1	[{"added": {}}, {"added": {"name": "\\u043f\\u0443\\u043d\\u043a\\u0442 \\u043c\\u0435\\u043d\\u044e \\u0440\\u0435\\u0441\\u0442\\u043e\\u0440\\u0430\\u043d\\u0430", "object": "Star Burger \\u0410\\u0440\\u0431\\u0430\\u0442 - \\u0421\\u0442\\u0435\\u0439\\u043a\\u0445\\u0430\\u0443\\u0441"}}, {"added": {"name": "\\u043f\\u0443\\u043d\\u043a\\u0442 \\u043c\\u0435\\u043d\\u044e \\u0440\\u0435\\u0441\\u0442\\u043e\\u0440\\u0430\\u043d\\u0430", "object": "Star Burger \\u0410\\u0440\\u0431\\u0430\\u0442 - \\u041b\\u043e\\u043d\\u0433 \\u0427\\u0438\\u0437\\u0431\\u0443\\u0440\\u0433\\u0435\\u0440"}}, {"added": {"name": "\\u043f\\u0443\\u043d\\u043a\\u0442 \\u043c\\u0435\\u043d\\u044e \\u0440\\u0435\\u0441\\u0442\\u043e\\u0440\\u0430\\u043d\\u0430", "object": "Star Burger \\u0410\\u0440\\u0431\\u0430\\u0442 - \\u0422\\u0440\\u043e\\u0439\\u043d\\u043e\\u0439 \\u0412\\u043e\\u043f\\u043f\\u0435\\u0440"}}, {"added": {"name": "\\u043f\\u0443\\u043d\\u043a\\u0442 \\u043c\\u0435\\u043d\\u044e \\u0440\\u0435\\u0441\\u0442\\u043e\\u0440\\u0430\\u043d\\u0430", "object": "Star Burger \\u0410\\u0440\\u0431\\u0430\\u0442 - \\u0411\\u0435\\u043a\\u043e\\u043d\\u0430\\u0439\\u0437\\u0435\\u0440"}}, {"added": {"name": "\\u043f\\u0443\\u043d\\u043a\\u0442 \\u043c\\u0435\\u043d\\u044e \\u0440\\u0435\\u0441\\u0442\\u043e\\u0440\\u0430\\u043d\\u0430", "object": "Star Burger \\u0410\\u0440\\u0431\\u0430\\u0442 - \\u0424\\u0438\\u0448 \\u0420\\u043e\\u043b\\u043b"}}, {"added": {"name": "\\u043f\\u0443\\u043d\\u043a\\u0442 \\u043c\\u0435\\u043d\\u044e \\u0440\\u0435\\u0441\\u0442\\u043e\\u0440\\u0430\\u043d\\u0430", "object": "Star Burger \\u0410\\u0440\\u0431\\u0430\\u0442 - \\u0428\\u0440\\u0438\\u043c\\u043f \\u0420\\u043e\\u043b\\u043b"}}]	2	1
11	2023-07-04 21:07:09.868+03	2	Star Burger Цветной	1	[{"added": {}}, {"added": {"name": "\\u043f\\u0443\\u043d\\u043a\\u0442 \\u043c\\u0435\\u043d\\u044e \\u0440\\u0435\\u0441\\u0442\\u043e\\u0440\\u0430\\u043d\\u0430", "object": "Star Burger \\u0426\\u0432\\u0435\\u0442\\u043d\\u043e\\u0439 - \\u0421\\u0442\\u0435\\u0439\\u043a\\u0445\\u0430\\u0443\\u0441"}}, {"added": {"name": "\\u043f\\u0443\\u043d\\u043a\\u0442 \\u043c\\u0435\\u043d\\u044e \\u0440\\u0435\\u0441\\u0442\\u043e\\u0440\\u0430\\u043d\\u0430", "object": "Star Burger \\u0426\\u0432\\u0435\\u0442\\u043d\\u043e\\u0439 - \\u041b\\u043e\\u043d\\u0433 \\u0427\\u0438\\u0437\\u0431\\u0443\\u0440\\u0433\\u0435\\u0440"}}, {"added": {"name": "\\u043f\\u0443\\u043d\\u043a\\u0442 \\u043c\\u0435\\u043d\\u044e \\u0440\\u0435\\u0441\\u0442\\u043e\\u0440\\u0430\\u043d\\u0430", "object": "Star Burger \\u0426\\u0432\\u0435\\u0442\\u043d\\u043e\\u0439 - \\u0422\\u0440\\u043e\\u0439\\u043d\\u043e\\u0439 \\u0412\\u043e\\u043f\\u043f\\u0435\\u0440"}}, {"added": {"name": "\\u043f\\u0443\\u043d\\u043a\\u0442 \\u043c\\u0435\\u043d\\u044e \\u0440\\u0435\\u0441\\u0442\\u043e\\u0440\\u0430\\u043d\\u0430", "object": "Star Burger \\u0426\\u0432\\u0435\\u0442\\u043d\\u043e\\u0439 - \\u0411\\u0435\\u043a\\u043e\\u043d\\u0430\\u0439\\u0437\\u0435\\u0440"}}, {"added": {"name": "\\u043f\\u0443\\u043d\\u043a\\u0442 \\u043c\\u0435\\u043d\\u044e \\u0440\\u0435\\u0441\\u0442\\u043e\\u0440\\u0430\\u043d\\u0430", "object": "Star Burger \\u0426\\u0432\\u0435\\u0442\\u043d\\u043e\\u0439 - \\u0424\\u0438\\u0448 \\u0420\\u043e\\u043b\\u043b"}}, {"added": {"name": "\\u043f\\u0443\\u043d\\u043a\\u0442 \\u043c\\u0435\\u043d\\u044e \\u0440\\u0435\\u0441\\u0442\\u043e\\u0440\\u0430\\u043d\\u0430", "object": "Star Burger \\u0426\\u0432\\u0435\\u0442\\u043d\\u043e\\u0439 - \\u0428\\u0440\\u0438\\u043c\\u043f \\u0420\\u043e\\u043b\\u043b"}}]	2	1
12	2023-07-04 21:07:53.222+03	3	Star Burger Европейский	1	[{"added": {}}, {"added": {"name": "\\u043f\\u0443\\u043d\\u043a\\u0442 \\u043c\\u0435\\u043d\\u044e \\u0440\\u0435\\u0441\\u0442\\u043e\\u0440\\u0430\\u043d\\u0430", "object": "Star Burger \\u0415\\u0432\\u0440\\u043e\\u043f\\u0435\\u0439\\u0441\\u043a\\u0438\\u0439 - \\u0421\\u0442\\u0435\\u0439\\u043a\\u0445\\u0430\\u0443\\u0441"}}, {"added": {"name": "\\u043f\\u0443\\u043d\\u043a\\u0442 \\u043c\\u0435\\u043d\\u044e \\u0440\\u0435\\u0441\\u0442\\u043e\\u0440\\u0430\\u043d\\u0430", "object": "Star Burger \\u0415\\u0432\\u0440\\u043e\\u043f\\u0435\\u0439\\u0441\\u043a\\u0438\\u0439 - \\u041b\\u043e\\u043d\\u0433 \\u0427\\u0438\\u0437\\u0431\\u0443\\u0440\\u0433\\u0435\\u0440"}}, {"added": {"name": "\\u043f\\u0443\\u043d\\u043a\\u0442 \\u043c\\u0435\\u043d\\u044e \\u0440\\u0435\\u0441\\u0442\\u043e\\u0440\\u0430\\u043d\\u0430", "object": "Star Burger \\u0415\\u0432\\u0440\\u043e\\u043f\\u0435\\u0439\\u0441\\u043a\\u0438\\u0439 - \\u0422\\u0440\\u043e\\u0439\\u043d\\u043e\\u0439 \\u0412\\u043e\\u043f\\u043f\\u0435\\u0440"}}, {"added": {"name": "\\u043f\\u0443\\u043d\\u043a\\u0442 \\u043c\\u0435\\u043d\\u044e \\u0440\\u0435\\u0441\\u0442\\u043e\\u0440\\u0430\\u043d\\u0430", "object": "Star Burger \\u0415\\u0432\\u0440\\u043e\\u043f\\u0435\\u0439\\u0441\\u043a\\u0438\\u0439 - \\u0411\\u0435\\u043a\\u043e\\u043d\\u0430\\u0439\\u0437\\u0435\\u0440"}}, {"added": {"name": "\\u043f\\u0443\\u043d\\u043a\\u0442 \\u043c\\u0435\\u043d\\u044e \\u0440\\u0435\\u0441\\u0442\\u043e\\u0440\\u0430\\u043d\\u0430", "object": "Star Burger \\u0415\\u0432\\u0440\\u043e\\u043f\\u0435\\u0439\\u0441\\u043a\\u0438\\u0439 - \\u0424\\u0438\\u0448 \\u0420\\u043e\\u043b\\u043b"}}, {"added": {"name": "\\u043f\\u0443\\u043d\\u043a\\u0442 \\u043c\\u0435\\u043d\\u044e \\u0440\\u0435\\u0441\\u0442\\u043e\\u0440\\u0430\\u043d\\u0430", "object": "Star Burger \\u0415\\u0432\\u0440\\u043e\\u043f\\u0435\\u0439\\u0441\\u043a\\u0438\\u0439 - \\u0428\\u0440\\u0438\\u043c\\u043f \\u0420\\u043e\\u043b\\u043b"}}]	2	1
13	2023-07-05 00:26:39.257+03	1	Order #1: Павел Ко - Москва	1	[{"added": {}}, {"added": {"name": "\\u044d\\u043b\\u0435\\u043c\\u0435\\u043d\\u0442\\u044b \\u0437\\u0430\\u043a\\u0430\\u0437\\u0430", "object": "Order #1: \\u041f\\u0430\\u0432\\u0435\\u043b \\u041a\\u043e - \\u041c\\u043e\\u0441\\u043a\\u0432\\u0430 - \\u0421\\u0442\\u0435\\u0439\\u043a\\u0445\\u0430\\u0443\\u0441 (1)"}}, {"added": {"name": "\\u044d\\u043b\\u0435\\u043c\\u0435\\u043d\\u0442\\u044b \\u0437\\u0430\\u043a\\u0430\\u0437\\u0430", "object": "Order #1: \\u041f\\u0430\\u0432\\u0435\\u043b \\u041a\\u043e - \\u041c\\u043e\\u0441\\u043a\\u0432\\u0430 - \\u0422\\u0440\\u043e\\u0439\\u043d\\u043e\\u0439 \\u0412\\u043e\\u043f\\u043f\\u0435\\u0440 (1)"}}]	12	1
14	2023-07-06 17:00:37.251+03	22	Order #22: Иван Петров - Москва	3		12	1
15	2023-07-06 17:00:40.386+03	23	Order #23: Иван Петров - Москва	3		12	1
16	2023-07-06 17:00:43.983+03	24	Order #24: Иван Петров - Москва	3		12	1
17	2023-07-06 17:00:47.432+03	25	Order #25: Иван Петров - Москва	3		12	1
18	2023-07-06 17:30:24.134+03	26	Order #26: Иван Петров - Москва	3		12	1
19	2023-07-06 17:43:47.9+03	27	Order #27: Иван Петров - Москва	3		12	1
20	2023-07-06 19:04:33.608+03	30	Order #30: Иван Петров - Москва	3		12	1
21	2023-07-06 19:04:37.472+03	31	Order #31: Иван Петров - Москва	3		12	1
22	2023-07-06 19:04:41.772+03	32	Order #32: Иван Петров - Москва	3		12	1
23	2023-07-06 19:05:42.287+03	33	Order #33: Иван Петров - Москва	3		12	1
24	2023-07-06 22:36:27.728+03	37	Order #37: Иван Петров - Москва	3		12	1
25	2023-07-06 22:47:28.41+03	38	Order #38: Иван Петров - Москва	3		12	1
26	2023-07-07 20:07:34.119+03	46	Order #46: Василий Васильевич - Лондон	3		12	1
27	2023-07-07 20:07:55.485+03	49	Order #49: Василий Васильевич - Лондон	2	[{"added": {"name": "('\\u044d\\u043b\\u0435\\u043c\\u0435\\u043d\\u0442\\u044b \\u0437\\u0430\\u043a\\u0430\\u0437\\u0430',)", "object": "Order #49: \\u0412\\u0430\\u0441\\u0438\\u043b\\u0438\\u0439 \\u0412\\u0430\\u0441\\u0438\\u043b\\u044c\\u0435\\u0432\\u0438\\u0447 - \\u041b\\u043e\\u043d\\u0434\\u043e\\u043d - \\u041b\\u043e\\u043d\\u0433 \\u0427\\u0438\\u0437\\u0431\\u0443\\u0440\\u0433\\u0435\\u0440 (1)"}}]	12	1
28	2023-07-07 20:10:01.428+03	49	Order #49: Василий Васильевич - Лондон	2	[{"added": {"name": "('\\u044d\\u043b\\u0435\\u043c\\u0435\\u043d\\u0442\\u044b \\u0437\\u0430\\u043a\\u0430\\u0437\\u0430',)", "object": "Order #49: \\u0412\\u0430\\u0441\\u0438\\u043b\\u0438\\u0439 \\u0412\\u0430\\u0441\\u0438\\u043b\\u044c\\u0435\\u0432\\u0438\\u0447 - \\u041b\\u043e\\u043d\\u0434\\u043e\\u043d - \\u0428\\u0440\\u0438\\u043c\\u043f \\u0420\\u043e\\u043b\\u043b (1)"}}]	12	1
29	2023-07-07 20:10:23.74+03	42	Order #42: Василий Васильевич - Лондон	3		12	1
30	2023-07-07 20:10:31.207+03	43	Order #43: Василий Васильевич - Лондон	3		12	1
31	2023-07-07 20:29:50.144+03	49	Order #49: Василий Васильевич - Лондон	2	[{"changed": {"name": "('\\u044d\\u043b\\u0435\\u043c\\u0435\\u043d\\u0442\\u044b \\u0437\\u0430\\u043a\\u0430\\u0437\\u0430',)", "object": "Order #49: \\u0412\\u0430\\u0441\\u0438\\u043b\\u0438\\u0439 \\u0412\\u0430\\u0441\\u0438\\u043b\\u044c\\u0435\\u0432\\u0438\\u0447 - \\u041b\\u043e\\u043d\\u0434\\u043e\\u043d - \\u0421\\u0442\\u0435\\u0439\\u043a\\u0445\\u0430\\u0443\\u0441 (2)", "fields": ["\\u0426\\u0435\\u043d\\u0430"]}}]	12	1
32	2023-07-07 21:01:32.06+03	49	Order #49: Василий Васильевич - Лондон	2	[{"added": {"name": "('\\u044d\\u043b\\u0435\\u043c\\u0435\\u043d\\u0442\\u044b \\u0437\\u0430\\u043a\\u0430\\u0437\\u0430',)", "object": "Order #49: \\u0412\\u0430\\u0441\\u0438\\u043b\\u0438\\u0439 \\u0412\\u0430\\u0441\\u0438\\u043b\\u044c\\u0435\\u0432\\u0438\\u0447 - \\u041b\\u043e\\u043d\\u0434\\u043e\\u043d - \\u0422\\u0440\\u043e\\u0439\\u043d\\u043e\\u0439 \\u0412\\u043e\\u043f\\u043f\\u0435\\u0440 (1)"}}]	12	1
33	2023-07-07 21:01:48.829+03	49	Order #49: Василий Васильевич - Лондон	2	[{"changed": {"name": "('\\u044d\\u043b\\u0435\\u043c\\u0435\\u043d\\u0442\\u044b \\u0437\\u0430\\u043a\\u0430\\u0437\\u0430',)", "object": "Order #49: \\u0412\\u0430\\u0441\\u0438\\u043b\\u0438\\u0439 \\u0412\\u0430\\u0441\\u0438\\u043b\\u044c\\u0435\\u0432\\u0438\\u0447 - \\u041b\\u043e\\u043d\\u0434\\u043e\\u043d - \\u0422\\u0440\\u043e\\u0439\\u043d\\u043e\\u0439 \\u0412\\u043e\\u043f\\u043f\\u0435\\u0440 (1)", "fields": ["\\u0426\\u0435\\u043d\\u0430"]}}]	12	1
34	2023-07-07 21:01:59.86+03	49	Order #49: Василий Васильевич - Лондон	2	[{"changed": {"name": "('\\u044d\\u043b\\u0435\\u043c\\u0435\\u043d\\u0442\\u044b \\u0437\\u0430\\u043a\\u0430\\u0437\\u0430',)", "object": "Order #49: \\u0412\\u0430\\u0441\\u0438\\u043b\\u0438\\u0439 \\u0412\\u0430\\u0441\\u0438\\u043b\\u044c\\u0435\\u0432\\u0438\\u0447 - \\u041b\\u043e\\u043d\\u0434\\u043e\\u043d - \\u0422\\u0440\\u043e\\u0439\\u043d\\u043e\\u0439 \\u0412\\u043e\\u043f\\u043f\\u0435\\u0440 (1)", "fields": ["\\u0426\\u0435\\u043d\\u0430"]}}]	12	1
35	2023-07-07 21:02:19.663+03	49	Order #49: Василий Васильевич - Лондон	2	[{"added": {"name": "('\\u044d\\u043b\\u0435\\u043c\\u0435\\u043d\\u0442\\u044b \\u0437\\u0430\\u043a\\u0430\\u0437\\u0430',)", "object": "Order #49: \\u0412\\u0430\\u0441\\u0438\\u043b\\u0438\\u0439 \\u0412\\u0430\\u0441\\u0438\\u043b\\u044c\\u0435\\u0432\\u0438\\u0447 - \\u041b\\u043e\\u043d\\u0434\\u043e\\u043d - \\u0424\\u0438\\u0448 \\u0420\\u043e\\u043b\\u043b (1)"}}]	12	1
36	2023-07-07 21:02:31.598+03	49	Order #49: Василий Васильевич - Лондон	2	[{"changed": {"name": "('\\u044d\\u043b\\u0435\\u043c\\u0435\\u043d\\u0442\\u044b \\u0437\\u0430\\u043a\\u0430\\u0437\\u0430',)", "object": "Order #49: \\u0412\\u0430\\u0441\\u0438\\u043b\\u0438\\u0439 \\u0412\\u0430\\u0441\\u0438\\u043b\\u044c\\u0435\\u0432\\u0438\\u0447 - \\u041b\\u043e\\u043d\\u0434\\u043e\\u043d - \\u0424\\u0438\\u0448 \\u0420\\u043e\\u043b\\u043b (1)", "fields": ["\\u0426\\u0435\\u043d\\u0430"]}}]	12	1
37	2023-07-07 21:03:00.52+03	49	Order #49: Василий Васильевич - Лондон	2	[{"added": {"name": "('\\u044d\\u043b\\u0435\\u043c\\u0435\\u043d\\u0442\\u044b \\u0437\\u0430\\u043a\\u0430\\u0437\\u0430',)", "object": "Order #49: \\u0412\\u0430\\u0441\\u0438\\u043b\\u0438\\u0439 \\u0412\\u0430\\u0441\\u0438\\u043b\\u044c\\u0435\\u0432\\u0438\\u0447 - \\u041b\\u043e\\u043d\\u0434\\u043e\\u043d - \\u0424\\u0438\\u0448 \\u0420\\u043e\\u043b\\u043b (1)"}}]	12	1
38	2023-07-07 21:03:09.626+03	49	Order #49: Василий Васильевич - Лондон	2	[{"changed": {"name": "('\\u044d\\u043b\\u0435\\u043c\\u0435\\u043d\\u0442\\u044b \\u0437\\u0430\\u043a\\u0430\\u0437\\u0430',)", "object": "Order #49: \\u0412\\u0430\\u0441\\u0438\\u043b\\u0438\\u0439 \\u0412\\u0430\\u0441\\u0438\\u043b\\u044c\\u0435\\u0432\\u0438\\u0447 - \\u041b\\u043e\\u043d\\u0434\\u043e\\u043d - \\u0424\\u0438\\u0448 \\u0420\\u043e\\u043b\\u043b (1)", "fields": ["\\u0426\\u0435\\u043d\\u0430"]}}]	12	1
39	2023-07-07 21:03:30.809+03	49	Order #49: Василий Васильевич - Лондон	2	[{"changed": {"name": "('\\u044d\\u043b\\u0435\\u043c\\u0435\\u043d\\u0442\\u044b \\u0437\\u0430\\u043a\\u0430\\u0437\\u0430',)", "object": "Order #49: \\u0412\\u0430\\u0441\\u0438\\u043b\\u0438\\u0439 \\u0412\\u0430\\u0441\\u0438\\u043b\\u044c\\u0435\\u0432\\u0438\\u0447 - \\u041b\\u043e\\u043d\\u0434\\u043e\\u043d - \\u0424\\u0438\\u0448 \\u0420\\u043e\\u043b\\u043b (1)", "fields": ["\\u0426\\u0435\\u043d\\u0430"]}}]	12	1
40	2023-07-07 21:03:44.243+03	49	Order #49: Василий Васильевич - Лондон	2	[{"changed": {"name": "('\\u044d\\u043b\\u0435\\u043c\\u0435\\u043d\\u0442\\u044b \\u0437\\u0430\\u043a\\u0430\\u0437\\u0430',)", "object": "Order #49: \\u0412\\u0430\\u0441\\u0438\\u043b\\u0438\\u0439 \\u0412\\u0430\\u0441\\u0438\\u043b\\u044c\\u0435\\u0432\\u0438\\u0447 - \\u041b\\u043e\\u043d\\u0434\\u043e\\u043d - \\u0428\\u0440\\u0438\\u043c\\u043f \\u0420\\u043e\\u043b\\u043b (1)", "fields": ["\\u0426\\u0435\\u043d\\u0430"]}}]	12	1
41	2023-07-07 21:04:06.871+03	49	Order #49: Василий Васильевич - Лондон	2	[{"added": {"name": "('\\u044d\\u043b\\u0435\\u043c\\u0435\\u043d\\u0442\\u044b \\u0437\\u0430\\u043a\\u0430\\u0437\\u0430',)", "object": "Order #49: \\u0412\\u0430\\u0441\\u0438\\u043b\\u0438\\u0439 \\u0412\\u0430\\u0441\\u0438\\u043b\\u044c\\u0435\\u0432\\u0438\\u0447 - \\u041b\\u043e\\u043d\\u0434\\u043e\\u043d - \\u0422\\u0440\\u043e\\u0439\\u043d\\u043e\\u0439 \\u0412\\u043e\\u043f\\u043f\\u0435\\u0440 (1)"}}]	12	1
42	2023-07-07 21:04:20.775+03	49	Order #49: Василий Васильевич - Лондон	2	[{"added": {"name": "('\\u044d\\u043b\\u0435\\u043c\\u0435\\u043d\\u0442\\u044b \\u0437\\u0430\\u043a\\u0430\\u0437\\u0430',)", "object": "Order #49: \\u0412\\u0430\\u0441\\u0438\\u043b\\u0438\\u0439 \\u0412\\u0430\\u0441\\u0438\\u043b\\u044c\\u0435\\u0432\\u0438\\u0447 - \\u041b\\u043e\\u043d\\u0434\\u043e\\u043d - \\u041b\\u043e\\u043d\\u0433 \\u0427\\u0438\\u0437\\u0431\\u0443\\u0440\\u0433\\u0435\\u0440 (1)"}}]	12	1
43	2023-07-07 21:04:49.78+03	49	Order #49: Василий Васильевич - Лондон	2	[{"deleted": {"name": "('\\u044d\\u043b\\u0435\\u043c\\u0435\\u043d\\u0442\\u044b \\u0437\\u0430\\u043a\\u0430\\u0437\\u0430',)", "object": "Order #49: \\u0412\\u0430\\u0441\\u0438\\u043b\\u0438\\u0439 \\u0412\\u0430\\u0441\\u0438\\u043b\\u044c\\u0435\\u0432\\u0438\\u0447 - \\u041b\\u043e\\u043d\\u0434\\u043e\\u043d - \\u0424\\u0438\\u0448 \\u0420\\u043e\\u043b\\u043b (1)"}}, {"deleted": {"name": "('\\u044d\\u043b\\u0435\\u043c\\u0435\\u043d\\u0442\\u044b \\u0437\\u0430\\u043a\\u0430\\u0437\\u0430',)", "object": "Order #49: \\u0412\\u0430\\u0441\\u0438\\u043b\\u0438\\u0439 \\u0412\\u0430\\u0441\\u0438\\u043b\\u044c\\u0435\\u0432\\u0438\\u0447 - \\u041b\\u043e\\u043d\\u0434\\u043e\\u043d - \\u0424\\u0438\\u0448 \\u0420\\u043e\\u043b\\u043b (1)"}}]	12	1
44	2023-07-07 21:05:14.053+03	49	Order #49: Василий Васильевич - Лондон	2	[{"changed": {"name": "('\\u044d\\u043b\\u0435\\u043c\\u0435\\u043d\\u0442\\u044b \\u0437\\u0430\\u043a\\u0430\\u0437\\u0430',)", "object": "Order #49: \\u0412\\u0430\\u0441\\u0438\\u043b\\u0438\\u0439 \\u0412\\u0430\\u0441\\u0438\\u043b\\u044c\\u0435\\u0432\\u0438\\u0447 - \\u041b\\u043e\\u043d\\u0434\\u043e\\u043d - \\u0428\\u0440\\u0438\\u043c\\u043f \\u0420\\u043e\\u043b\\u043b (1)", "fields": ["\\u0426\\u0435\\u043d\\u0430"]}}, {"deleted": {"name": "('\\u044d\\u043b\\u0435\\u043c\\u0435\\u043d\\u0442\\u044b \\u0437\\u0430\\u043a\\u0430\\u0437\\u0430',)", "object": "Order #49: \\u0412\\u0430\\u0441\\u0438\\u043b\\u0438\\u0439 \\u0412\\u0430\\u0441\\u0438\\u043b\\u044c\\u0435\\u0432\\u0438\\u0447 - \\u041b\\u043e\\u043d\\u0434\\u043e\\u043d - \\u0424\\u0438\\u0448 \\u0420\\u043e\\u043b\\u043b (1)"}}]	12	1
45	2023-07-07 21:05:45.739+03	49	Order #49: Василий Васильевич - Лондон	2	[{"changed": {"name": "('\\u044d\\u043b\\u0435\\u043c\\u0435\\u043d\\u0442\\u044b \\u0437\\u0430\\u043a\\u0430\\u0437\\u0430',)", "object": "Order #49: \\u0412\\u0430\\u0441\\u0438\\u043b\\u0438\\u0439 \\u0412\\u0430\\u0441\\u0438\\u043b\\u044c\\u0435\\u0432\\u0438\\u0447 - \\u041b\\u043e\\u043d\\u0434\\u043e\\u043d - \\u0421\\u0442\\u0435\\u0439\\u043a\\u0445\\u0430\\u0443\\u0441 (2)", "fields": ["\\u0426\\u0435\\u043d\\u0430"]}}]	12	1
46	2023-07-07 21:06:10.055+03	49	Order #49: Василий Васильевич - Лондон	2	[{"added": {"name": "('\\u044d\\u043b\\u0435\\u043c\\u0435\\u043d\\u0442\\u044b \\u0437\\u0430\\u043a\\u0430\\u0437\\u0430',)", "object": "Order #49: \\u0412\\u0430\\u0441\\u0438\\u043b\\u0438\\u0439 \\u0412\\u0430\\u0441\\u0438\\u043b\\u044c\\u0435\\u0432\\u0438\\u0447 - \\u041b\\u043e\\u043d\\u0434\\u043e\\u043d - \\u0421\\u0442\\u0435\\u0439\\u043a\\u0445\\u0430\\u0443\\u0441 (1)"}}]	12	1
47	2023-07-07 21:06:23.407+03	49	Order #49: Василий Васильевич - Лондон	2	[{"added": {"name": "('\\u044d\\u043b\\u0435\\u043c\\u0435\\u043d\\u0442\\u044b \\u0437\\u0430\\u043a\\u0430\\u0437\\u0430',)", "object": "Order #49: \\u0412\\u0430\\u0441\\u0438\\u043b\\u0438\\u0439 \\u0412\\u0430\\u0441\\u0438\\u043b\\u044c\\u0435\\u0432\\u0438\\u0447 - \\u041b\\u043e\\u043d\\u0434\\u043e\\u043d - \\u041b\\u043e\\u043d\\u0433 \\u0427\\u0438\\u0437\\u0431\\u0443\\u0440\\u0433\\u0435\\u0440 (1)"}}]	12	1
48	2023-07-07 21:06:29.597+03	49	Order #49: Василий Васильевич - Лондон	2	[{"added": {"name": "('\\u044d\\u043b\\u0435\\u043c\\u0435\\u043d\\u0442\\u044b \\u0437\\u0430\\u043a\\u0430\\u0437\\u0430',)", "object": "Order #49: \\u0412\\u0430\\u0441\\u0438\\u043b\\u0438\\u0439 \\u0412\\u0430\\u0441\\u0438\\u043b\\u044c\\u0435\\u0432\\u0438\\u0447 - \\u041b\\u043e\\u043d\\u0434\\u043e\\u043d - \\u041b\\u043e\\u043d\\u0433 \\u0427\\u0438\\u0437\\u0431\\u0443\\u0440\\u0433\\u0435\\u0440 (1)"}}]	12	1
49	2023-07-07 21:07:19.099+03	49	Order #49: Василий Васильевич - Лондон	2	[{"deleted": {"name": "('\\u044d\\u043b\\u0435\\u043c\\u0435\\u043d\\u0442\\u044b \\u0437\\u0430\\u043a\\u0430\\u0437\\u0430',)", "object": "Order #49: \\u0412\\u0430\\u0441\\u0438\\u043b\\u0438\\u0439 \\u0412\\u0430\\u0441\\u0438\\u043b\\u044c\\u0435\\u0432\\u0438\\u0447 - \\u041b\\u043e\\u043d\\u0434\\u043e\\u043d - \\u0422\\u0440\\u043e\\u0439\\u043d\\u043e\\u0439 \\u0412\\u043e\\u043f\\u043f\\u0435\\u0440 (1)"}}, {"deleted": {"name": "('\\u044d\\u043b\\u0435\\u043c\\u0435\\u043d\\u0442\\u044b \\u0437\\u0430\\u043a\\u0430\\u0437\\u0430',)", "object": "Order #49: \\u0412\\u0430\\u0441\\u0438\\u043b\\u0438\\u0439 \\u0412\\u0430\\u0441\\u0438\\u043b\\u044c\\u0435\\u0432\\u0438\\u0447 - \\u041b\\u043e\\u043d\\u0434\\u043e\\u043d - \\u0424\\u0438\\u0448 \\u0420\\u043e\\u043b\\u043b (1)"}}, {"deleted": {"name": "('\\u044d\\u043b\\u0435\\u043c\\u0435\\u043d\\u0442\\u044b \\u0437\\u0430\\u043a\\u0430\\u0437\\u0430',)", "object": "Order #49: \\u0412\\u0430\\u0441\\u0438\\u043b\\u0438\\u0439 \\u0412\\u0430\\u0441\\u0438\\u043b\\u044c\\u0435\\u0432\\u0438\\u0447 - \\u041b\\u043e\\u043d\\u0434\\u043e\\u043d - \\u0424\\u0438\\u0448 \\u0420\\u043e\\u043b\\u043b (1)"}}, {"deleted": {"name": "('\\u044d\\u043b\\u0435\\u043c\\u0435\\u043d\\u0442\\u044b \\u0437\\u0430\\u043a\\u0430\\u0437\\u0430',)", "object": "Order #49: \\u0412\\u0430\\u0441\\u0438\\u043b\\u0438\\u0439 \\u0412\\u0430\\u0441\\u0438\\u043b\\u044c\\u0435\\u0432\\u0438\\u0447 - \\u041b\\u043e\\u043d\\u0434\\u043e\\u043d - \\u0421\\u0442\\u0435\\u0439\\u043a\\u0445\\u0430\\u0443\\u0441 (1)"}}, {"deleted": {"name": "('\\u044d\\u043b\\u0435\\u043c\\u0435\\u043d\\u0442\\u044b \\u0437\\u0430\\u043a\\u0430\\u0437\\u0430',)", "object": "Order #49: \\u0412\\u0430\\u0441\\u0438\\u043b\\u0438\\u0439 \\u0412\\u0430\\u0441\\u0438\\u043b\\u044c\\u0435\\u0432\\u0438\\u0447 - \\u041b\\u043e\\u043d\\u0434\\u043e\\u043d - \\u041b\\u043e\\u043d\\u0433 \\u0427\\u0438\\u0437\\u0431\\u0443\\u0440\\u0433\\u0435\\u0440 (1)"}}]	12	1
50	2023-07-07 21:07:27.276+03	49	Order #49: Василий Васильевич - Лондон	3		12	1
51	2023-07-07 21:07:36.926+03	48	Order #48: Василий Васильевич - Лондон	2	[{"added": {"name": "('\\u044d\\u043b\\u0435\\u043c\\u0435\\u043d\\u0442\\u044b \\u0437\\u0430\\u043a\\u0430\\u0437\\u0430',)", "object": "Order #48: \\u0412\\u0430\\u0441\\u0438\\u043b\\u0438\\u0439 \\u0412\\u0430\\u0441\\u0438\\u043b\\u044c\\u0435\\u0432\\u0438\\u0447 - \\u041b\\u043e\\u043d\\u0434\\u043e\\u043d - \\u0421\\u0442\\u0435\\u0439\\u043a\\u0445\\u0430\\u0443\\u0441 (1)"}}]	12	1
52	2023-07-07 21:08:07.553+03	48	Order #48: Василий Васильевич - Лондон	2	[{"added": {"name": "('\\u044d\\u043b\\u0435\\u043c\\u0435\\u043d\\u0442\\u044b \\u0437\\u0430\\u043a\\u0430\\u0437\\u0430',)", "object": "Order #48: \\u0412\\u0430\\u0441\\u0438\\u043b\\u0438\\u0439 \\u0412\\u0430\\u0441\\u0438\\u043b\\u044c\\u0435\\u0432\\u0438\\u0447 - \\u041b\\u043e\\u043d\\u0434\\u043e\\u043d - \\u0411\\u0435\\u043a\\u043e\\u043d\\u0430\\u0439\\u0437\\u0435\\u0440 (1)"}}]	12	1
53	2023-07-07 21:09:13.191+03	48	Order #48: Василий Васильевич - Лондон	2	[{"added": {"name": "('\\u044d\\u043b\\u0435\\u043c\\u0435\\u043d\\u0442\\u044b \\u0437\\u0430\\u043a\\u0430\\u0437\\u0430',)", "object": "Order #48: \\u0412\\u0430\\u0441\\u0438\\u043b\\u0438\\u0439 \\u0412\\u0430\\u0441\\u0438\\u043b\\u044c\\u0435\\u0432\\u0438\\u0447 - \\u041b\\u043e\\u043d\\u0434\\u043e\\u043d - \\u0421\\u0442\\u0435\\u0439\\u043a\\u0445\\u0430\\u0443\\u0441 (1)"}}]	12	1
54	2023-07-07 21:09:43.2+03	48	Order #48: Василий Васильевич - Лондон	2	[{"added": {"name": "('\\u044d\\u043b\\u0435\\u043c\\u0435\\u043d\\u0442\\u044b \\u0437\\u0430\\u043a\\u0430\\u0437\\u0430',)", "object": "Order #48: \\u0412\\u0430\\u0441\\u0438\\u043b\\u0438\\u0439 \\u0412\\u0430\\u0441\\u0438\\u043b\\u044c\\u0435\\u0432\\u0438\\u0447 - \\u041b\\u043e\\u043d\\u0434\\u043e\\u043d - \\u0422\\u0440\\u043e\\u0439\\u043d\\u043e\\u0439 \\u0412\\u043e\\u043f\\u043f\\u0435\\u0440 (1)"}}]	12	1
55	2023-07-07 21:09:49.971+03	48	Order #48: Василий Васильевич - Лондон	2	[{"changed": {"name": "('\\u044d\\u043b\\u0435\\u043c\\u0435\\u043d\\u0442\\u044b \\u0437\\u0430\\u043a\\u0430\\u0437\\u0430',)", "object": "Order #48: \\u0412\\u0430\\u0441\\u0438\\u043b\\u0438\\u0439 \\u0412\\u0430\\u0441\\u0438\\u043b\\u044c\\u0435\\u0432\\u0438\\u0447 - \\u041b\\u043e\\u043d\\u0434\\u043e\\u043d - \\u0422\\u0440\\u043e\\u0439\\u043d\\u043e\\u0439 \\u0412\\u043e\\u043f\\u043f\\u0435\\u0440 (1)", "fields": ["\\u0426\\u0435\\u043d\\u0430"]}}]	12	1
56	2023-07-07 21:10:12.666+03	48	Order #48: Василий Васильевич - Лондон	2	[{"changed": {"name": "('\\u044d\\u043b\\u0435\\u043c\\u0435\\u043d\\u0442\\u044b \\u0437\\u0430\\u043a\\u0430\\u0437\\u0430',)", "object": "Order #48: \\u0412\\u0430\\u0441\\u0438\\u043b\\u0438\\u0439 \\u0412\\u0430\\u0441\\u0438\\u043b\\u044c\\u0435\\u0432\\u0438\\u0447 - \\u041b\\u043e\\u043d\\u0434\\u043e\\u043d - \\u0422\\u0440\\u043e\\u0439\\u043d\\u043e\\u0439 \\u0412\\u043e\\u043f\\u043f\\u0435\\u0440 (1)", "fields": ["\\u0426\\u0435\\u043d\\u0430"]}}]	12	1
94	2023-07-07 22:09:38.403+03	29	Order #29: Pavel Kolotov - г. Киров, 67	3		12	1
95	2023-07-07 22:09:43.687+03	3	Order #3: Павел Колотов - Москва	3		12	1
96	2023-07-07 22:09:46.47+03	1	Order #1: Павел Ко - Москва	3		12	1
57	2023-07-07 21:11:04.17+03	48	Order #48: Василий Васильевич - Лондон	2	[{"added": {"name": "('\\u044d\\u043b\\u0435\\u043c\\u0435\\u043d\\u0442\\u044b \\u0437\\u0430\\u043a\\u0430\\u0437\\u0430',)", "object": "Order #48: \\u0412\\u0430\\u0441\\u0438\\u043b\\u0438\\u0439 \\u0412\\u0430\\u0441\\u0438\\u043b\\u044c\\u0435\\u0432\\u0438\\u0447 - \\u041b\\u043e\\u043d\\u0434\\u043e\\u043d - \\u0424\\u0438\\u0448 \\u0420\\u043e\\u043b\\u043b (1)"}}]	12	1
58	2023-07-07 21:11:56.086+03	48	Order #48: Василий Васильевич - Лондон	2	[{"added": {"name": "('\\u044d\\u043b\\u0435\\u043c\\u0435\\u043d\\u0442\\u044b \\u0437\\u0430\\u043a\\u0430\\u0437\\u0430',)", "object": "Order #48: \\u0412\\u0430\\u0441\\u0438\\u043b\\u0438\\u0439 \\u0412\\u0430\\u0441\\u0438\\u043b\\u044c\\u0435\\u0432\\u0438\\u0447 - \\u041b\\u043e\\u043d\\u0434\\u043e\\u043d - \\u0428\\u0440\\u0438\\u043c\\u043f \\u0420\\u043e\\u043b\\u043b (1)"}}, {"changed": {"name": "('\\u044d\\u043b\\u0435\\u043c\\u0435\\u043d\\u0442\\u044b \\u0437\\u0430\\u043a\\u0430\\u0437\\u0430',)", "object": "Order #48: \\u0412\\u0430\\u0441\\u0438\\u043b\\u0438\\u0439 \\u0412\\u0430\\u0441\\u0438\\u043b\\u044c\\u0435\\u0432\\u0438\\u0447 - \\u041b\\u043e\\u043d\\u0434\\u043e\\u043d - \\u0424\\u0438\\u0448 \\u0420\\u043e\\u043b\\u043b (4)", "fields": ["\\u041a\\u043e\\u043b\\u0438\\u0447\\u0435\\u0441\\u0442\\u0432\\u043e"]}}]	12	1
59	2023-07-07 21:12:31.088+03	48	Order #48: Василий Васильевич - Лондон	3		12	1
60	2023-07-07 21:12:36.443+03	47	Order #47: Василий Васильевич - Лондон	2	[{"added": {"name": "('\\u044d\\u043b\\u0435\\u043c\\u0435\\u043d\\u0442\\u044b \\u0437\\u0430\\u043a\\u0430\\u0437\\u0430',)", "object": "Order #47: \\u0412\\u0430\\u0441\\u0438\\u043b\\u0438\\u0439 \\u0412\\u0430\\u0441\\u0438\\u043b\\u044c\\u0435\\u0432\\u0438\\u0447 - \\u041b\\u043e\\u043d\\u0434\\u043e\\u043d - \\u0421\\u0442\\u0435\\u0439\\u043a\\u0445\\u0430\\u0443\\u0441 (1)"}}]	12	1
61	2023-07-07 21:15:26.743+03	47	Order #47: Василий Васильевич - Лондон	2	[{"deleted": {"name": "('\\u044d\\u043b\\u0435\\u043c\\u0435\\u043d\\u0442\\u044b \\u0437\\u0430\\u043a\\u0430\\u0437\\u0430',)", "object": "Order #47: \\u0412\\u0430\\u0441\\u0438\\u043b\\u0438\\u0439 \\u0412\\u0430\\u0441\\u0438\\u043b\\u044c\\u0435\\u0432\\u0438\\u0447 - \\u041b\\u043e\\u043d\\u0434\\u043e\\u043d - \\u0421\\u0442\\u0435\\u0439\\u043a\\u0445\\u0430\\u0443\\u0441 (1)"}}]	12	1
62	2023-07-07 21:15:31.088+03	47	Order #47: Василий Васильевич - Лондон	2	[{"deleted": {"name": "('\\u044d\\u043b\\u0435\\u043c\\u0435\\u043d\\u0442\\u044b \\u0437\\u0430\\u043a\\u0430\\u0437\\u0430',)", "object": "Order #47: \\u0412\\u0430\\u0441\\u0438\\u043b\\u0438\\u0439 \\u0412\\u0430\\u0441\\u0438\\u043b\\u044c\\u0435\\u0432\\u0438\\u0447 - \\u041b\\u043e\\u043d\\u0434\\u043e\\u043d - \\u0421\\u0442\\u0435\\u0439\\u043a\\u0445\\u0430\\u0443\\u0441 (1)"}}]	12	1
63	2023-07-07 21:15:37.323+03	47	Order #47: Василий Васильевич - Лондон	2	[{"added": {"name": "('\\u044d\\u043b\\u0435\\u043c\\u0435\\u043d\\u0442\\u044b \\u0437\\u0430\\u043a\\u0430\\u0437\\u0430',)", "object": "Order #47: \\u0412\\u0430\\u0441\\u0438\\u043b\\u0438\\u0439 \\u0412\\u0430\\u0441\\u0438\\u043b\\u044c\\u0435\\u0432\\u0438\\u0447 - \\u041b\\u043e\\u043d\\u0434\\u043e\\u043d - \\u0422\\u0440\\u043e\\u0439\\u043d\\u043e\\u0439 \\u0412\\u043e\\u043f\\u043f\\u0435\\u0440 (1)"}}]	12	1
64	2023-07-07 21:15:44.749+03	47	Order #47: Василий Васильевич - Лондон	2	[{"added": {"name": "('\\u044d\\u043b\\u0435\\u043c\\u0435\\u043d\\u0442\\u044b \\u0437\\u0430\\u043a\\u0430\\u0437\\u0430',)", "object": "Order #47: \\u0412\\u0430\\u0441\\u0438\\u043b\\u0438\\u0439 \\u0412\\u0430\\u0441\\u0438\\u043b\\u044c\\u0435\\u0432\\u0438\\u0447 - \\u041b\\u043e\\u043d\\u0434\\u043e\\u043d - \\u041b\\u043e\\u043d\\u0433 \\u0427\\u0438\\u0437\\u0431\\u0443\\u0440\\u0433\\u0435\\u0440 (1)"}}]	12	1
65	2023-07-07 21:19:15.591+03	47	Order #47: Василий Васильевич - Лондон	2	[{"added": {"name": "('\\u044d\\u043b\\u0435\\u043c\\u0435\\u043d\\u0442\\u044b \\u0437\\u0430\\u043a\\u0430\\u0437\\u0430',)", "object": "Order #47: \\u0412\\u0430\\u0441\\u0438\\u043b\\u0438\\u0439 \\u0412\\u0430\\u0441\\u0438\\u043b\\u044c\\u0435\\u0432\\u0438\\u0447 - \\u041b\\u043e\\u043d\\u0434\\u043e\\u043d - \\u041b\\u043e\\u043d\\u0433 \\u0427\\u0438\\u0437\\u0431\\u0443\\u0440\\u0433\\u0435\\u0440 (1)"}}]	12	1
66	2023-07-07 21:19:26.409+03	47	Order #47: Василий Васильевич - Лондон	2	[{"added": {"name": "('\\u044d\\u043b\\u0435\\u043c\\u0435\\u043d\\u0442\\u044b \\u0437\\u0430\\u043a\\u0430\\u0437\\u0430',)", "object": "Order #47: \\u0412\\u0430\\u0441\\u0438\\u043b\\u0438\\u0439 \\u0412\\u0430\\u0441\\u0438\\u043b\\u044c\\u0435\\u0432\\u0438\\u0447 - \\u041b\\u043e\\u043d\\u0434\\u043e\\u043d - \\u0411\\u0435\\u043a\\u043e\\u043d\\u0430\\u0439\\u0437\\u0435\\u0440 (1)"}}]	12	1
67	2023-07-07 21:19:36.704+03	47	Order #47: Василий Васильевич - Лондон	2	[{"added": {"name": "('\\u044d\\u043b\\u0435\\u043c\\u0435\\u043d\\u0442\\u044b \\u0437\\u0430\\u043a\\u0430\\u0437\\u0430',)", "object": "Order #47: \\u0412\\u0430\\u0441\\u0438\\u043b\\u0438\\u0439 \\u0412\\u0430\\u0441\\u0438\\u043b\\u044c\\u0435\\u0432\\u0438\\u0447 - \\u041b\\u043e\\u043d\\u0434\\u043e\\u043d - \\u0424\\u0438\\u0448 \\u0420\\u043e\\u043b\\u043b (1)"}}]	12	1
68	2023-07-07 22:07:57.566+03	47	Order #47: Василий Васильевич - Лондон	3		12	1
69	2023-07-07 22:08:00.99+03	45	Order #45: Василий Васильевич - Лондон	3		12	1
70	2023-07-07 22:08:04.122+03	44	Order #44: Василий Васильевич - Лондон	3		12	1
71	2023-07-07 22:08:07.289+03	41	Order #41: Василий Васильевич - Лондон	3		12	1
72	2023-07-07 22:08:11.015+03	40	Order #40: Василий Васильевич - Лондон	3		12	1
73	2023-07-07 22:08:25.762+03	5	Order #5: Павел Колотов - Москва	3		12	1
74	2023-07-07 22:08:30.761+03	17	Order #17: Pavel Kolotov - г. Киров, 67	3		12	1
75	2023-07-07 22:08:34.215+03	14	Order #14: Pavel Kolotov - г. Киров, 67	3		12	1
76	2023-07-07 22:08:37.514+03	13	Order #13: Pavel Kolotov - г. Киров, 67	3		12	1
77	2023-07-07 22:08:40.952+03	12	Order #12: Pavel Kolotov - г. Киров, 67	3		12	1
78	2023-07-07 22:08:44.321+03	11	Order #11: Pavel Kolotov - г. Киров, 67	3		12	1
79	2023-07-07 22:08:47.239+03	16	Order #16: Pavel Kolotov - Kirov	3		12	1
80	2023-07-07 22:08:51.004+03	19	Order #19: Pavel Kolotov - г. Киров, 67	3		12	1
81	2023-07-07 22:08:54.592+03	20	Order #20: Pavel Kolotov12 - г. Киров, 67	3		12	1
82	2023-07-07 22:08:57.055+03	28	Order #28: ыва ыфвафыва - фывафыавфыва	3		12	1
83	2023-07-07 22:08:59.954+03	35	Order #35: Pavel Kolotov - г. Киров, 67	3		12	1
84	2023-07-07 22:09:02.695+03	15	Order #15: Pavel Kolotov - г. Киров, 67	3		12	1
85	2023-07-07 22:09:05.355+03	34	Order #34: PavelS Kolotov12 - г. Киров, 67	3		12	1
86	2023-07-07 22:09:09.83+03	18	Order #18: Pavel Kolotov - г. Киров, 67	3		12	1
87	2023-07-07 22:09:12.554+03	9	Order #9: Pavel Kolotov - г. Киров, 67	3		12	1
88	2023-07-07 22:09:15.897+03	8	Order #8: Pavel Kolotov - г. Киров, 67	3		12	1
89	2023-07-07 22:09:19.914+03	6	Order #6: pa ko - Kirov	3		12	1
90	2023-07-07 22:09:22.185+03	21	Order #21: Pavel Kolotov12 - г. Киров, 67	3		12	1
91	2023-07-07 22:09:25.767+03	10	Order #10: QWE qwe - Kirov	3		12	1
92	2023-07-07 22:09:29.921+03	36	Order #36: Bdfy Петров - Москва	3		12	1
93	2023-07-07 22:09:33.198+03	7	Order #7: pa ko - Kiorv	3		12	1
97	2023-07-07 22:09:50.833+03	2	Order #2: Павел Колотов - Москва	3		12	1
98	2023-07-07 22:09:54.891+03	39	Order #39: Василий Васильевич - Лондон	3		12	1
99	2023-07-07 22:10:00.21+03	4	Order #4: Павел Колотов - Москва	3		12	1
100	2023-07-07 22:12:54.525+03	4	Беконайзер	2	[{"changed": {"fields": ["\\u0426\\u0435\\u043d\\u0430"]}}]	1	1
101	2023-07-07 22:13:30.387+03	50	Order #50: Павле Ко - Москва	2	[{"changed": {"fields": ["\\u0418\\u043c\\u044f"]}}]	12	1
102	2023-07-07 22:14:51.169+03	51	Order #51: Василий Васильевич - Лондон	2	[{"added": {"name": "('\\u044d\\u043b\\u0435\\u043c\\u0435\\u043d\\u0442\\u044b \\u0437\\u0430\\u043a\\u0430\\u0437\\u0430',)", "object": "Order #51: \\u0412\\u0430\\u0441\\u0438\\u043b\\u0438\\u0439 \\u0412\\u0430\\u0441\\u0438\\u043b\\u044c\\u0435\\u0432\\u0438\\u0447 - \\u041b\\u043e\\u043d\\u0434\\u043e\\u043d - \\u0428\\u0440\\u0438\\u043c\\u043f \\u0420\\u043e\\u043b\\u043b (1)"}}]	12	1
103	2023-07-07 22:15:04.056+03	51	Order #51: Василий Васильевич - Лондон	2	[{"changed": {"name": "('\\u044d\\u043b\\u0435\\u043c\\u0435\\u043d\\u0442\\u044b \\u0437\\u0430\\u043a\\u0430\\u0437\\u0430',)", "object": "Order #51: \\u0412\\u0430\\u0441\\u0438\\u043b\\u0438\\u0439 \\u0412\\u0430\\u0441\\u0438\\u043b\\u044c\\u0435\\u0432\\u0438\\u0447 - \\u041b\\u043e\\u043d\\u0434\\u043e\\u043d - \\u0428\\u0440\\u0438\\u043c\\u043f \\u0420\\u043e\\u043b\\u043b (1)", "fields": ["\\u0426\\u0435\\u043d\\u0430"]}}]	12	1
104	2023-07-07 23:44:55.31+03	52	Order #52: Саша Коl - Киров	2	[{"changed": {"fields": ["\\u0418\\u043c\\u044f"]}}]	12	1
105	2023-07-07 23:47:45.456+03	50	Order #50: Павле Коl - Москва	2	[{"changed": {"fields": ["\\u0418\\u043c\\u044f"]}}]	12	1
106	2023-07-07 23:51:04.04+03	52	Order #52: Саша Коl - Киров	2	[]	12	1
107	2023-07-07 23:52:20.779+03	50	Order #50: Павле Коl - Москва	2	[]	12	1
108	2023-07-07 23:53:57.75+03	52	Order #52: Саша Коlo - Киров	2	[{"changed": {"fields": ["\\u0418\\u043c\\u044f"]}}]	12	1
109	2023-07-08 00:00:29.013+03	52	Order #52: Саша Коlot - Киров	2	[{"changed": {"fields": ["\\u0418\\u043c\\u044f"]}}]	12	1
110	2023-07-08 00:01:08.895+03	52	Order #52: Саша Коloto - Киров	2	[{"changed": {"fields": ["\\u0418\\u043c\\u044f"]}}]	12	1
111	2023-07-08 00:01:24.027+03	52	Order #52: Саша Коlotov - Киров	2	[{"changed": {"fields": ["\\u0418\\u043c\\u044f"]}}]	12	1
112	2023-07-08 00:03:20.411+03	52	Order #52: Саша Коlotov - Киров	2	[]	12	1
113	2023-07-08 00:06:38.908+03	52	Order #52: Саша Коlotova - Киров	2	[{"changed": {"fields": ["\\u0418\\u043c\\u044f"]}}]	12	1
114	2023-07-08 00:08:36.981+03	52	Order #52: Саша Коlotova - Кировa	2	[{"changed": {"fields": ["\\u0410\\u0434\\u0440\\u0435\\u0441"]}}]	12	1
115	2023-07-08 00:25:06.052+03	52	Order #52: Сашаa Коlotova - Кировa	2	[{"changed": {"fields": ["\\u0418\\u043c\\u044f"]}}]	12	1
116	2023-07-08 00:25:45.822+03	52	Order #52: Сашаa Коlotovaa - Кировa	2	[{"changed": {"fields": ["\\u0418\\u043c\\u044f"]}}]	12	1
117	2023-07-08 00:26:54.74+03	52	Order #52: Сашаa Коlotovaa - Кировa	2	[{"added": {"name": "('\\u044d\\u043b\\u0435\\u043c\\u0435\\u043d\\u0442\\u044b \\u0437\\u0430\\u043a\\u0430\\u0437\\u0430',)", "object": "Order #52: \\u0421\\u0430\\u0448\\u0430a \\u041a\\u043elotovaa - \\u041a\\u0438\\u0440\\u043e\\u0432a - \\u0421\\u0442\\u0435\\u0439\\u043a\\u0445\\u0430\\u0443\\u0441 (1)"}}]	12	1
118	2023-07-08 00:27:03.033+03	52	Order #52: Сашаa Коlotovaa - Кировa	2	[]	12	1
119	2023-07-08 00:28:14.982+03	51	Order #51: Василий Васильевичa - Лондон	2	[{"changed": {"fields": ["\\u0418\\u043c\\u044f"]}}]	12	1
120	2023-07-08 00:28:55.456+03	51	Order #51: Василий Васильевичa - Лондон	2	[{"added": {"name": "('\\u044d\\u043b\\u0435\\u043c\\u0435\\u043d\\u0442\\u044b \\u0437\\u0430\\u043a\\u0430\\u0437\\u0430',)", "object": "Order #51: \\u0412\\u0430\\u0441\\u0438\\u043b\\u0438\\u0439 \\u0412\\u0430\\u0441\\u0438\\u043b\\u044c\\u0435\\u0432\\u0438\\u0447a - \\u041b\\u043e\\u043d\\u0434\\u043e\\u043d - \\u0424\\u0438\\u0448 \\u0420\\u043e\\u043b\\u043b (1)"}}]	12	1
121	2023-07-08 00:31:33.661+03	52	Order #52: Сашаa Коlotovaa - Кировa	2	[]	12	1
122	2023-07-08 00:31:43.975+03	52	Order #52: Сашаa Коlotovaa - Кировa	2	[]	12	1
123	2023-07-08 00:32:14.674+03	52	Order #52: Сашаa Коlotovaa - Кировaa	2	[{"changed": {"fields": ["\\u0410\\u0434\\u0440\\u0435\\u0441"]}}]	12	1
124	2023-07-08 00:32:32.96+03	52	Order #52: Сашаa Коlotovaa - Кировaa	2	[]	12	1
125	2023-07-08 00:33:01.736+03	52	Order #52: Сашаa Коlotovaa - Кировaa	2	[]	12	1
126	2023-07-08 00:39:34.205+03	52	Order #52: Сашаa Коlotovaa - Кировaa	2	[{"deleted": {"name": "('\\u044d\\u043b\\u0435\\u043c\\u0435\\u043d\\u0442\\u044b \\u0437\\u0430\\u043a\\u0430\\u0437\\u0430',)", "object": "Order #52: \\u0421\\u0430\\u0448\\u0430a \\u041a\\u043elotovaa - \\u041a\\u0438\\u0440\\u043e\\u0432aa - \\u0421\\u0442\\u0435\\u0439\\u043a\\u0445\\u0430\\u0443\\u0441 (1)"}}]	12	1
127	2023-07-08 00:40:07.646+03	50	Order #50: Павле Коl - Москва	2	[{"changed": {"fields": ["\\u041a\\u043e\\u043d\\u0442\\u0430\\u043a\\u0442\\u043d\\u044b\\u0439 \\u0442\\u0435\\u043b\\u0435\\u0444\\u043e\\u043d"]}}]	12	1
128	2023-07-08 00:40:16.382+03	50	Order #50: Павле Коl - Москва	2	[]	12	1
129	2023-07-08 00:40:35.345+03	50	Order #50: Павле Коl - Москва	2	[]	12	1
130	2023-07-08 00:42:07.334+03	52	Order #52: Саша Коlotovaa - Кировaa	2	[{"changed": {"fields": ["\\u0418\\u043c\\u044f"]}}]	12	1
131	2023-07-08 00:42:23.681+03	51	Order #51: Василий Васильевич - Лондон	2	[{"changed": {"fields": ["\\u0418\\u043c\\u044f"]}}]	12	1
132	2023-07-08 00:42:34.993+03	50	Order #50: Павле Коl - Москва	2	[]	12	1
133	2023-07-08 00:47:54.106+03	52	Order #52: Саша Коlotovaa - Кировaa	2	[]	12	1
134	2023-07-08 00:48:50.252+03	52	Order #52: Саша Коlotovaa - Кировaa	2	[]	12	1
135	2023-07-08 00:48:59.441+03	50	Order #50: Павле Коl - Москва	2	[]	12	1
136	2023-07-08 00:49:22.911+03	51	Order #51: Василий Васильевич - Лондон	2	[]	12	1
137	2023-07-08 21:48:56.228+03	52	Order #52: Саша Коlotovaa - Кировaa	2	[{"changed": {"fields": ["Status"]}}]	12	1
138	2023-07-08 22:19:15.202+03	51	Order #51: Василий Васильевич - Лондон	2	[{"changed": {"fields": ["\\u0421\\u0442\\u0430\\u0442\\u0443\\u0441"]}}]	12	1
139	2023-07-08 22:19:22.251+03	51	Order #51: Василий Васильевич - Лондон	2	[{"changed": {"fields": ["\\u0421\\u0442\\u0430\\u0442\\u0443\\u0441"]}}]	12	1
140	2023-07-08 22:31:50.531+03	52	Order #52: Саша Коlotovaa - Кировaa	2	[{"changed": {"fields": ["\\u041a\\u043e\\u043c\\u043c\\u0435\\u043d\\u0442\\u0430\\u0440\\u0438\\u0439"]}}]	12	1
141	2023-07-08 22:46:49.027+03	50	Order #50: Павле Коl - Москва	2	[{"changed": {"fields": ["\\u0412\\u0440\\u0435\\u043c\\u044f \\u0441\\u043e\\u0437\\u0434\\u0430\\u043d\\u0438\\u044f \\u0437\\u0430\\u043a\\u0430\\u0437\\u0430"]}}]	12	1
177	2023-07-09 21:24:15.47+03	3	Order #3: Pavel KOLO - Минск	2	[{"changed": {"fields": ["\\u0420\\u0435\\u0441\\u0442\\u043e\\u0440\\u0430\\u043d"]}}]	12	1
142	2023-07-08 22:47:19.231+03	52	Order #52: Саша Коlotovaa - Кировaa	2	[{"changed": {"fields": ["\\u0412\\u0440\\u0435\\u043c\\u044f \\u0437\\u0432\\u043e\\u043d\\u043e\\u043a\\u0430"]}}]	12	1
143	2023-07-08 23:05:29.111+03	52	Order #52: Саша Коlotovaa - Кировaa	2	[]	12	1
144	2023-07-08 23:05:36.057+03	50	Order #50: Павле Коl - Москва	2	[{"changed": {"fields": ["\\u0421\\u043f\\u043e\\u0441\\u043e\\u0431 \\u043e\\u043f\\u043b\\u0430\\u0442\\u044b"]}}]	12	1
145	2023-07-08 23:16:30.319+03	1	Стейкхаус	2	[{"changed": {"name": "\\u043f\\u0443\\u043d\\u043a\\u0442 \\u043c\\u0435\\u043d\\u044e \\u0440\\u0435\\u0441\\u0442\\u043e\\u0440\\u0430\\u043d\\u0430", "object": "Star Burger \\u0410\\u0440\\u0431\\u0430\\u0442 - \\u0421\\u0442\\u0435\\u0439\\u043a\\u0445\\u0430\\u0443\\u0441", "fields": ["\\u0412 \\u043f\\u0440\\u043e\\u0434\\u0430\\u0436\\u0435"]}}]	1	1
146	2023-07-09 12:37:46.426+03	52	Order #52: Саша Коlotovaa - Кировaa	2	[{"changed": {"fields": ["\\u0420\\u0435\\u0441\\u0442\\u043e\\u0440\\u0430\\u043d"]}}]	12	1
147	2023-07-09 13:53:50.382+03	3	Star Burger Европейский	2	[{"changed": {"name": "\\u043f\\u0443\\u043d\\u043a\\u0442 \\u043c\\u0435\\u043d\\u044e \\u0440\\u0435\\u0441\\u0442\\u043e\\u0440\\u0430\\u043d\\u0430", "object": "Star Burger \\u0415\\u0432\\u0440\\u043e\\u043f\\u0435\\u0439\\u0441\\u043a\\u0438\\u0439 - \\u0424\\u0438\\u0448 \\u0420\\u043e\\u043b\\u043b", "fields": ["\\u0412 \\u043f\\u0440\\u043e\\u0434\\u0430\\u0436\\u0435"]}}]	2	1
148	2023-07-09 13:53:56.259+03	2	Star Burger Цветной	2	[{"changed": {"name": "\\u043f\\u0443\\u043d\\u043a\\u0442 \\u043c\\u0435\\u043d\\u044e \\u0440\\u0435\\u0441\\u0442\\u043e\\u0440\\u0430\\u043d\\u0430", "object": "Star Burger \\u0426\\u0432\\u0435\\u0442\\u043d\\u043e\\u0439 - \\u0424\\u0438\\u0448 \\u0420\\u043e\\u043b\\u043b", "fields": ["\\u0412 \\u043f\\u0440\\u043e\\u0434\\u0430\\u0436\\u0435"]}}]	2	1
149	2023-07-09 13:54:36.627+03	1	Star Burger Арбат	2	[{"changed": {"name": "\\u043f\\u0443\\u043d\\u043a\\u0442 \\u043c\\u0435\\u043d\\u044e \\u0440\\u0435\\u0441\\u0442\\u043e\\u0440\\u0430\\u043d\\u0430", "object": "Star Burger \\u0410\\u0440\\u0431\\u0430\\u0442 - \\u0424\\u0438\\u0448 \\u0420\\u043e\\u043b\\u043b", "fields": ["\\u0412 \\u043f\\u0440\\u043e\\u0434\\u0430\\u0436\\u0435"]}}]	2	1
150	2023-07-09 13:55:12.439+03	2	Star Burger Цветной	2	[]	2	1
151	2023-07-09 14:05:16.004+03	53	Order #53: Pasha Koko - Moskov	1	[{"added": {}}, {"added": {"name": "('\\u044d\\u043b\\u0435\\u043c\\u0435\\u043d\\u0442\\u044b \\u0437\\u0430\\u043a\\u0430\\u0437\\u0430',)", "object": "Order #53: Pasha Koko - Moskov - \\u0422\\u0440\\u043e\\u0439\\u043d\\u043e\\u0439 \\u0412\\u043e\\u043f\\u043f\\u0435\\u0440 (1)"}}]	12	1
152	2023-07-09 14:06:26.346+03	54	Order #54: Pasha KOLO - Moskov	1	[{"added": {}}, {"added": {"name": "('\\u044d\\u043b\\u0435\\u043c\\u0435\\u043d\\u0442\\u044b \\u0437\\u0430\\u043a\\u0430\\u0437\\u0430',)", "object": "Order #54: Pasha KOLO - Moskov - \\u0421\\u0442\\u0435\\u0439\\u043a\\u0445\\u0430\\u0443\\u0441 (1)"}}]	12	1
153	2023-07-09 14:15:33.684+03	53	Order #53: Pasha Koko - Moskov	2	[{"changed": {"fields": ["\\u0421\\u0442\\u0430\\u0442\\u0443\\u0441"]}}]	12	1
154	2023-07-09 14:16:05.312+03	52	Order #52: Саша Коlotovaa - Кировaa	2	[{"changed": {"fields": ["\\u0421\\u0442\\u0430\\u0442\\u0443\\u0441"]}}]	12	1
155	2023-07-09 14:16:53.72+03	53	Order #53: Pasha Koko - Moskov	2	[]	12	1
156	2023-07-09 14:41:54.074+03	50	Order #50: Павле Коl - Москва	3		12	1
157	2023-07-09 14:41:58.49+03	51	Order #51: Василий Васильевич - Лондон	3		12	1
158	2023-07-09 14:42:02.718+03	52	Order #52: Саша Коlotovaa - Кировaa	3		12	1
159	2023-07-09 14:42:07.688+03	53	Order #53: Pasha Koko - Moskov	3		12	1
160	2023-07-09 14:42:11.635+03	54	Order #54: Pasha KOLO - Moskov	3		12	1
161	2023-07-09 14:45:41.875+03	1	Order #1: Pavel Ko - Moskov	1	[{"added": {}}, {"added": {"name": "('\\u044d\\u043b\\u0435\\u043c\\u0435\\u043d\\u0442\\u044b \\u0437\\u0430\\u043a\\u0430\\u0437\\u0430',)", "object": "Order #1: Pavel Ko - Moskov - \\u0421\\u0442\\u0435\\u0439\\u043a\\u0445\\u0430\\u0443\\u0441 (1)"}}]	12	1
162	2023-07-09 14:45:47.829+03	1	Order #1: Pavel Ko - Moskov	2	[]	12	1
163	2023-07-09 14:46:15.059+03	2	Order #2: Pavel Ko - Moskov	1	[{"added": {}}]	12	1
164	2023-07-09 14:46:57.129+03	3	Order #3: Pavel KOLO - Moskov	1	[{"added": {}}, {"added": {"name": "('\\u044d\\u043b\\u0435\\u043c\\u0435\\u043d\\u0442\\u044b \\u0437\\u0430\\u043a\\u0430\\u0437\\u0430',)", "object": "Order #3: Pavel KOLO - Moskov - \\u0421\\u0442\\u0435\\u0439\\u043a\\u0445\\u0430\\u0443\\u0441 (1)"}}]	12	1
165	2023-07-09 14:47:35.18+03	1	Order #1: Pavel Ko - Moskov	2	[{"changed": {"fields": ["\\u0421\\u0442\\u0430\\u0442\\u0443\\u0441"]}}]	12	1
166	2023-07-09 14:48:25.49+03	4	Order #4: Sasha KO - Kirov	1	[{"added": {}}, {"added": {"name": "('\\u044d\\u043b\\u0435\\u043c\\u0435\\u043d\\u0442\\u044b \\u0437\\u0430\\u043a\\u0430\\u0437\\u0430',)", "object": "Order #4: Sasha KO - Kirov - \\u0422\\u0440\\u043e\\u0439\\u043d\\u043e\\u0439 \\u0412\\u043e\\u043f\\u043f\\u0435\\u0440 (1)"}}]	12	1
167	2023-07-09 14:49:17.401+03	5	Order #5: Pasha Kolotov - Kirov	1	[{"added": {}}, {"added": {"name": "('\\u044d\\u043b\\u0435\\u043c\\u0435\\u043d\\u0442\\u044b \\u0437\\u0430\\u043a\\u0430\\u0437\\u0430',)", "object": "Order #5: Pasha Kolotov - Kirov - \\u0421\\u0442\\u0435\\u0439\\u043a\\u0445\\u0430\\u0443\\u0441 (1)"}}, {"added": {"name": "('\\u044d\\u043b\\u0435\\u043c\\u0435\\u043d\\u0442\\u044b \\u0437\\u0430\\u043a\\u0430\\u0437\\u0430',)", "object": "Order #5: Pasha Kolotov - Kirov - \\u041b\\u043e\\u043d\\u0433 \\u0427\\u0438\\u0437\\u0431\\u0443\\u0440\\u0433\\u0435\\u0440 (1)"}}, {"added": {"name": "('\\u044d\\u043b\\u0435\\u043c\\u0435\\u043d\\u0442\\u044b \\u0437\\u0430\\u043a\\u0430\\u0437\\u0430',)", "object": "Order #5: Pasha Kolotov - Kirov - \\u0422\\u0440\\u043e\\u0439\\u043d\\u043e\\u0439 \\u0412\\u043e\\u043f\\u043f\\u0435\\u0440 (1)"}}]	12	1
168	2023-07-09 14:49:54.871+03	2	Order #2: Pavel Ko - Moskov	2	[]	12	1
169	2023-07-09 14:50:09.089+03	2	Order #2: Pavel Ko - Moskov	2	[{"added": {"name": "('\\u044d\\u043b\\u0435\\u043c\\u0435\\u043d\\u0442\\u044b \\u0437\\u0430\\u043a\\u0430\\u0437\\u0430',)", "object": "Order #2: Pavel Ko - Moskov - \\u0421\\u0442\\u0435\\u0439\\u043a\\u0445\\u0430\\u0443\\u0441 (1)"}}, {"added": {"name": "('\\u044d\\u043b\\u0435\\u043c\\u0435\\u043d\\u0442\\u044b \\u0437\\u0430\\u043a\\u0430\\u0437\\u0430',)", "object": "Order #2: Pavel Ko - Moskov - \\u041b\\u043e\\u043d\\u0433 \\u0427\\u0438\\u0437\\u0431\\u0443\\u0440\\u0433\\u0435\\u0440 (1)"}}]	12	1
170	2023-07-09 19:00:37.939+03	2	Order #2: Pavel Ko - Moskov	2	[{"changed": {"fields": ["\\u0421\\u0442\\u0430\\u0442\\u0443\\u0441"]}}]	12	1
171	2023-07-09 20:41:10.904+03	1	Order #1: Pavel Ko - Киров	2	[{"changed": {"fields": ["\\u0410\\u0434\\u0440\\u0435\\u0441"]}}]	12	1
172	2023-07-09 20:41:18.885+03	2	Order #2: Pavel Ko - Лондон	2	[{"changed": {"fields": ["\\u0410\\u0434\\u0440\\u0435\\u0441"]}}]	12	1
173	2023-07-09 20:41:28.737+03	3	Order #3: Pavel KOLO - Минск	2	[{"changed": {"fields": ["\\u0410\\u0434\\u0440\\u0435\\u0441"]}}]	12	1
174	2023-07-09 20:41:42.725+03	4	Order #4: Sasha KO - Красная Площадь	2	[{"changed": {"fields": ["\\u0410\\u0434\\u0440\\u0435\\u0441"]}}]	12	1
175	2023-07-09 20:42:17.792+03	5	Order #5: Pasha Kolotov - Казань	2	[{"changed": {"fields": ["\\u0410\\u0434\\u0440\\u0435\\u0441"]}}]	12	1
176	2023-07-09 21:23:49.496+03	3	Order #3: Pavel KOLO - Минск	2	[{"changed": {"fields": ["\\u0421\\u0442\\u0430\\u0442\\u0443\\u0441"]}}]	12	1
178	2023-07-09 21:27:42.77+03	1	Order #1: Pavel Ko - Киров	2	[{"changed": {"fields": ["\\u0420\\u0435\\u0441\\u0442\\u043e\\u0440\\u0430\\u043d"]}}]	12	1
179	2023-07-09 21:28:23.534+03	7	Order #7: Кузя Ко - Казань	2	[{"changed": {"fields": ["\\u0410\\u0434\\u0440\\u0435\\u0441"]}}]	12	1
180	2023-07-09 21:31:04.51+03	8	Order #8: Лиза Ли - UNEXIST	1	[{"added": {}}, {"added": {"name": "('\\u044d\\u043b\\u0435\\u043c\\u0435\\u043d\\u0442\\u044b \\u0437\\u0430\\u043a\\u0430\\u0437\\u0430',)", "object": "Order #8: \\u041b\\u0438\\u0437\\u0430 \\u041b\\u0438 - UNEXIST - \\u0421\\u0442\\u0435\\u0439\\u043a\\u0445\\u0430\\u0443\\u0441 (1)"}}]	12	1
181	2023-07-10 17:14:14.624+03	1	1 Москва, ул. Новый Арбат, 15 55.752141 37.592420	3		13	1
182	2023-07-10 17:14:21.405+03	2	2 Москва, Цветной бульвар, 11с2 55.770076 37.620429	3		13	1
183	2023-07-10 17:14:26.743+03	3	3 Москва, пл. Киевского Вокзала, 2 55.744637 37.566072	3		13	1
184	2023-07-10 17:47:49.127+03	4	Москва, ул. Новый Арбат, 15	3		13	1
185	2023-07-10 17:47:52.22+03	5	Москва, Цветной бульвар, 11с2	3		13	1
186	2023-07-10 17:47:56.329+03	6	Москва, пл. Киевского Вокзала, 2	3		13	1
187	2023-07-10 17:49:30.028+03	7	Москва, ул. Новый Арбат, 15	3		13	1
188	2023-07-10 17:49:32.831+03	8	Москва, Цветной бульвар, 11с2	3		13	1
189	2023-07-10 17:49:35.491+03	9	Москва, пл. Киевского Вокзала, 2	3		13	1
190	2023-07-10 18:06:07.231+03	6	Order #6: Саша Ко - Прываы	2	[{"changed": {"fields": ["\\u0421\\u0442\\u0430\\u0442\\u0443\\u0441"]}}]	12	1
191	2023-07-10 18:06:33.23+03	8	Order #8: Лиза Ли - UNEXIST	2	[{"changed": {"fields": ["\\u0421\\u0442\\u0430\\u0442\\u0443\\u0441"]}}]	12	1
192	2023-07-10 18:25:48.191+03	9	Order #9: Pavel Kolotov - Киров	2	[{"changed": {"fields": ["\\u0410\\u0434\\u0440\\u0435\\u0441"]}}]	12	1
193	2023-07-10 21:15:59.13+03	1	Order #1: Pavel Ko - Киров	2	[{"changed": {"name": "('\\u044d\\u043b\\u0435\\u043c\\u0435\\u043d\\u0442\\u044b \\u0437\\u0430\\u043a\\u0430\\u0437\\u0430',)", "object": "Order #1: Pavel Ko - \\u041a\\u0438\\u0440\\u043e\\u0432 - \\u0421\\u0442\\u0435\\u0439\\u043a\\u0445\\u0430\\u0443\\u0441 (2)", "fields": ["\\u041a\\u043e\\u043b\\u0438\\u0447\\u0435\\u0441\\u0442\\u0432\\u043e"]}}]	12	1
194	2023-07-10 21:16:22.049+03	1	Order #1: Pavel Ko - Киров	2	[{"changed": {"name": "('\\u044d\\u043b\\u0435\\u043c\\u0435\\u043d\\u0442\\u044b \\u0437\\u0430\\u043a\\u0430\\u0437\\u0430',)", "object": "Order #1: Pavel Ko - \\u041a\\u0438\\u0440\\u043e\\u0432 - \\u0421\\u0442\\u0435\\u0439\\u043a\\u0445\\u0430\\u0443\\u0441 (1)", "fields": ["\\u041a\\u043e\\u043b\\u0438\\u0447\\u0435\\u0441\\u0442\\u0432\\u043e"]}}]	12	1
195	2023-07-10 21:17:43.238+03	1	Order #1: Pavel Ko - Киров	2	[{"changed": {"name": "('\\u044d\\u043b\\u0435\\u043c\\u0435\\u043d\\u0442\\u044b \\u0437\\u0430\\u043a\\u0430\\u0437\\u0430',)", "object": "Order #1: Pavel Ko - \\u041a\\u0438\\u0440\\u043e\\u0432 - \\u0421\\u0442\\u0435\\u0439\\u043a\\u0445\\u0430\\u0443\\u0441 (1)", "fields": ["\\u0426\\u0435\\u043d\\u0430"]}}]	12	1
196	2023-07-10 21:18:07.965+03	1	Order #1: Pavel Ko - Киров	2	[{"added": {"name": "('\\u044d\\u043b\\u0435\\u043c\\u0435\\u043d\\u0442\\u044b \\u0437\\u0430\\u043a\\u0430\\u0437\\u0430',)", "object": "Order #1: Pavel Ko - \\u041a\\u0438\\u0440\\u043e\\u0432 - \\u041b\\u043e\\u043d\\u0433 \\u0427\\u0438\\u0437\\u0431\\u0443\\u0440\\u0433\\u0435\\u0440 (1)"}}]	12	1
197	2023-07-10 21:18:42.069+03	1	Order #1: Pavel Ko - Киров	2	[{"added": {"name": "('\\u044d\\u043b\\u0435\\u043c\\u0435\\u043d\\u0442\\u044b \\u0437\\u0430\\u043a\\u0430\\u0437\\u0430',)", "object": "Order #1: Pavel Ko - \\u041a\\u0438\\u0440\\u043e\\u0432 - \\u0422\\u0440\\u043e\\u0439\\u043d\\u043e\\u0439 \\u0412\\u043e\\u043f\\u043f\\u0435\\u0440 (2)"}}]	12	1
198	2023-07-10 21:19:26.807+03	1	Order #1: Pavel Ko - Киров	2	[{"changed": {"name": "('\\u044d\\u043b\\u0435\\u043c\\u0435\\u043d\\u0442\\u044b \\u0437\\u0430\\u043a\\u0430\\u0437\\u0430',)", "object": "Order #1: Pavel Ko - \\u041a\\u0438\\u0440\\u043e\\u0432 - \\u0422\\u0440\\u043e\\u0439\\u043d\\u043e\\u0439 \\u0412\\u043e\\u043f\\u043f\\u0435\\u0440 (1)", "fields": ["\\u041a\\u043e\\u043b\\u0438\\u0447\\u0435\\u0441\\u0442\\u0432\\u043e"]}}]	12	1
199	2023-07-12 21:21:38.828+03	12	Order #12: Pavel Kolotov - Ижевск	2	[{"changed": {"fields": ["\\u0410\\u0434\\u0440\\u0435\\u0441"]}}]	12	1
200	2023-07-17 16:14:39.062+03	7	Order #7: Кузя Ко - Казань	2	[]	12	1
201	2023-07-17 16:14:44.485+03	9	Order #9: Pavel Kolotov - Киров	2	[]	12	1
202	2023-07-17 23:53:12.44+03	23	Order #23: Василий Васильевич - Лондон	2	[{"added": {"name": "('\\u044d\\u043b\\u0435\\u043c\\u0435\\u043d\\u0442\\u044b \\u0437\\u0430\\u043a\\u0430\\u0437\\u0430',)", "object": "Order #23: \\u0412\\u0430\\u0441\\u0438\\u043b\\u0438\\u0439 \\u0412\\u0430\\u0441\\u0438\\u043b\\u044c\\u0435\\u0432\\u0438\\u0447 - \\u041b\\u043e\\u043d\\u0434\\u043e\\u043d - \\u0421\\u0442\\u0435\\u0439\\u043a\\u0445\\u0430\\u0443\\u0441 (1)"}}]	12	1
203	2023-07-17 23:53:21.202+03	23	Order #23: Василий Васильевич - Лондон	2	[{"added": {"name": "('\\u044d\\u043b\\u0435\\u043c\\u0435\\u043d\\u0442\\u044b \\u0437\\u0430\\u043a\\u0430\\u0437\\u0430',)", "object": "Order #23: \\u0412\\u0430\\u0441\\u0438\\u043b\\u0438\\u0439 \\u0412\\u0430\\u0441\\u0438\\u043b\\u044c\\u0435\\u0432\\u0438\\u0447 - \\u041b\\u043e\\u043d\\u0434\\u043e\\u043d - \\u041b\\u043e\\u043d\\u0433 \\u0427\\u0438\\u0437\\u0431\\u0443\\u0440\\u0433\\u0435\\u0440 (1)"}}]	12	1
204	2023-07-17 23:54:18.489+03	23	Order #23: Василий Васильевич - Лондон	2	[]	12	1
205	2023-07-18 00:03:01.906+03	23	Order #23: Василий Васильевич - Лондон	2	[]	12	1
206	2023-07-18 00:03:08.977+03	23	Order #23: Василий Васильевич - Лондон	2	[{"added": {"name": "('\\u044d\\u043b\\u0435\\u043c\\u0435\\u043d\\u0442\\u044b \\u0437\\u0430\\u043a\\u0430\\u0437\\u0430',)", "object": "Order #23: \\u0412\\u0430\\u0441\\u0438\\u043b\\u0438\\u0439 \\u0412\\u0430\\u0441\\u0438\\u043b\\u044c\\u0435\\u0432\\u0438\\u0447 - \\u041b\\u043e\\u043d\\u0434\\u043e\\u043d - \\u0411\\u0435\\u043a\\u043e\\u043d\\u0430\\u0439\\u0437\\u0435\\u0440 (1)"}}]	12	1
207	2023-07-18 00:15:30.225+03	7	Order #7: Кузя Ко - Казань	2	[{"changed": {"name": "('\\u044d\\u043b\\u0435\\u043c\\u0435\\u043d\\u0442\\u044b \\u0437\\u0430\\u043a\\u0430\\u0437\\u0430',)", "object": "Order #7: \\u041a\\u0443\\u0437\\u044f \\u041a\\u043e - \\u041a\\u0430\\u0437\\u0430\\u043d\\u044c - \\u041b\\u043e\\u043d\\u0433 \\u0427\\u0438\\u0437\\u0431\\u0443\\u0440\\u0433\\u0435\\u0440 (1)", "fields": ["\\u0426\\u0435\\u043d\\u0430"]}}]	12	1
208	2023-07-18 00:15:41.367+03	7	Order #7: Кузя Ко - Казань	2	[{"added": {"name": "('\\u044d\\u043b\\u0435\\u043c\\u0435\\u043d\\u0442\\u044b \\u0437\\u0430\\u043a\\u0430\\u0437\\u0430',)", "object": "Order #7: \\u041a\\u0443\\u0437\\u044f \\u041a\\u043e - \\u041a\\u0430\\u0437\\u0430\\u043d\\u044c - \\u0428\\u0440\\u0438\\u043c\\u043f \\u0420\\u043e\\u043b\\u043b (1)"}}]	12	1
209	2023-07-20 19:14:40.818+03	7	Order #7: Кузя Ко - Казань	2	[{"added": {"name": "('\\u044d\\u043b\\u0435\\u043c\\u0435\\u043d\\u0442\\u044b \\u0437\\u0430\\u043a\\u0430\\u0437\\u0430',)", "object": "Order #7: \\u041a\\u0443\\u0437\\u044f \\u041a\\u043e - \\u041a\\u0430\\u0437\\u0430\\u043d\\u044c - \\u0424\\u0438\\u0448 \\u0420\\u043e\\u043b\\u043b (1)"}}]	12	1
210	2023-07-20 19:15:06.94+03	7	Order #7: Кузя Ко - Казань	2	[{"added": {"name": "('\\u044d\\u043b\\u0435\\u043c\\u0435\\u043d\\u0442\\u044b \\u0437\\u0430\\u043a\\u0430\\u0437\\u0430',)", "object": "Order #7: \\u041a\\u0443\\u0437\\u044f \\u041a\\u043e - \\u041a\\u0430\\u0437\\u0430\\u043d\\u044c - \\u0421\\u0442\\u0435\\u0439\\u043a\\u0445\\u0430\\u0443\\u0441 (1)"}}]	12	1
211	2023-07-20 19:15:41.888+03	7	Order #7: Кузя Ко - Казань	2	[]	12	1
212	2023-08-05 22:47:40.637+03	28	Order #28: ыфва цук - фывауа2мчмцу	3		12	1
213	2023-08-05 22:47:40.645+03	27	Order #27: ёзфмуд ФЫВА - Глазов	3		12	1
214	2023-08-05 22:47:40.651+03	26	Order #26: Grasjdf Koaskf - Глазов	3		12	1
215	2023-08-05 22:47:40.657+03	25	Order #25: Gfdtk Kolotov - Глазов	3		12	1
216	2023-08-05 22:47:40.663+03	8	Order #8: Лиза Ли - UNEXIST	3		12	1
217	2023-08-05 22:57:45.703+03	29	Order #29: Pavel Kolotov - asdgcsodfomasf	3		12	1
218	2023-08-05 23:05:06.243+03	30	Order #30: pavel Kol - Сочи	2	[{"changed": {"fields": ["\\u0410\\u0434\\u0440\\u0435\\u0441"]}}]	12	1
219	2023-08-05 23:40:03.12+03	31	Order #31: Кузя Ко - Калининград	2	[{"changed": {"fields": ["\\u0410\\u0434\\u0440\\u0435\\u0441"]}}]	12	1
220	2023-08-06 00:26:21.806+03	9	Order #9: Pavel Kolotov - Киров	2	[{"changed": {"fields": ["\\u0413\\u043e\\u0442\\u043e\\u0432\\u0438\\u0442 \\u0440\\u0435\\u0441\\u0442\\u043e\\u0440\\u0430\\u043d"]}}]	12	1
221	2023-08-06 00:28:49.351+03	32	Order #32: Kuzja Ko - Иваново	2	[{"changed": {"fields": ["\\u0410\\u0434\\u0440\\u0435\\u0441"]}}]	12	1
222	2023-08-06 14:52:44.416+03	10	Order #10: ываывап вапывап - Киров	2	[{"changed": {"fields": ["\\u0421\\u043f\\u043e\\u0441\\u043e\\u0431 \\u043e\\u043f\\u043b\\u0430\\u0442\\u044b"]}}]	12	1
223	2023-08-22 13:38:29.987+03	5	Фиш Ролл	2	[{"changed": {"name": "\\u043f\\u0443\\u043d\\u043a\\u0442 \\u043c\\u0435\\u043d\\u044e \\u0440\\u0435\\u0441\\u0442\\u043e\\u0440\\u0430\\u043d\\u0430", "object": "Star Burger \\u0415\\u0432\\u0440\\u043e\\u043f\\u0435\\u0439\\u0441\\u043a\\u0438\\u0439 - \\u0424\\u0438\\u0448 \\u0420\\u043e\\u043b\\u043b", "fields": ["\\u0412 \\u043f\\u0440\\u043e\\u0434\\u0430\\u0436\\u0435"]}}]	1	1
\.


--
-- Data for Name: django_migrations; Type: TABLE DATA; Schema: public; Owner: admin
--

COPY public.django_migrations (id, app, name, applied) FROM stdin;
1	contenttypes	0001_initial	2023-09-01 10:06:20.931098+03
2	auth	0001_initial	2023-09-01 10:06:20.981158+03
3	admin	0001_initial	2023-09-01 10:06:20.994159+03
4	admin	0002_logentry_remove_auto_add	2023-09-01 10:06:20.999702+03
5	admin	0003_logentry_add_action_flag_choices	2023-09-01 10:06:21.00469+03
6	contenttypes	0002_remove_content_type_name	2023-09-01 10:06:21.016438+03
7	auth	0002_alter_permission_name_max_length	2023-09-01 10:06:21.024311+03
8	auth	0003_alter_user_email_max_length	2023-09-01 10:06:21.029343+03
9	auth	0004_alter_user_username_opts	2023-09-01 10:06:21.034736+03
10	auth	0005_alter_user_last_login_null	2023-09-01 10:06:21.039798+03
11	auth	0006_require_contenttypes_0002	2023-09-01 10:06:21.041238+03
12	auth	0007_alter_validators_add_error_messages	2023-09-01 10:06:21.045673+03
13	auth	0008_alter_user_username_max_length	2023-09-01 10:06:21.054696+03
14	auth	0009_alter_user_last_name_max_length	2023-09-01 10:06:21.06014+03
15	auth	0010_alter_group_name_max_length	2023-09-01 10:06:21.066644+03
16	auth	0011_update_proxy_permissions	2023-09-01 10:06:21.071304+03
17	auth	0012_alter_user_first_name_max_length	2023-09-01 10:06:21.077998+03
18	foodcartapp	0001_initial	2023-09-01 10:06:21.144395+03
19	foodcartapp	0002_auto_20200619_0836	2023-09-01 10:06:21.300701+03
20	foodcartapp	0003_auto_20200619_0838	2023-09-01 10:06:21.332929+03
21	foodcartapp	0004_auto_20200619_0843	2023-09-01 10:06:21.337691+03
22	foodcartapp	0005_auto_20200619_0845	2023-09-01 10:06:21.34764+03
23	foodcartapp	0006_auto_20200619_0849	2023-09-01 10:06:21.357262+03
24	foodcartapp	0007_auto_20200619_0849	2023-09-01 10:06:21.370525+03
25	foodcartapp	0008_hotel_city	2023-09-01 10:06:21.380792+03
26	foodcartapp	0009_auto_20200619_0919	2023-09-01 10:06:21.388146+03
27	foodcartapp	0010_auto_20200619_0921	2023-09-01 10:06:21.40296+03
28	foodcartapp	0011_auto_20200619_0922	2023-09-01 10:06:21.419312+03
29	foodcartapp	0012_auto_20200619_0924	2023-09-01 10:06:21.423977+03
30	foodcartapp	0013_auto_20200619_0932	2023-09-01 10:06:21.44313+03
31	foodcartapp	0014_auto_20200619_0934	2023-09-01 10:06:21.470266+03
32	foodcartapp	0015_auto_20200619_0935	2023-09-01 10:06:21.477433+03
33	foodcartapp	0016_restaurant_new_admin	2023-09-01 10:06:21.486637+03
34	foodcartapp	0017_auto_20200619_0945	2023-09-01 10:06:21.494978+03
35	foodcartapp	0018_remove_restaurant_admin	2023-09-01 10:06:21.507633+03
36	foodcartapp	0019_auto_20200619_0948	2023-09-01 10:06:21.520631+03
37	foodcartapp	0020_auto_20200619_0959	2023-09-01 10:06:21.526029+03
38	foodcartapp	0021_auto_20200619_1002	2023-09-01 10:06:21.530758+03
39	foodcartapp	0022_auto_20200619_1003	2023-09-01 10:06:21.535594+03
40	foodcartapp	0023_auto_20200620_0942	2023-09-01 10:06:21.56852+03
41	foodcartapp	0024_product_ingridients	2023-09-01 10:06:21.580142+03
42	foodcartapp	0025_auto_20200629_1004	2023-09-01 10:06:21.592591+03
43	foodcartapp	0026_restaurantmenuitem	2023-09-01 10:06:21.610113+03
44	foodcartapp	0027_auto_20200629_1022	2023-09-01 10:06:21.616307+03
45	foodcartapp	0028_auto_20200629_1024	2023-09-01 10:06:21.62879+03
46	foodcartapp	0029_remove_product_category	2023-09-01 10:06:21.633375+03
47	foodcartapp	0030_auto_20200629_1341	2023-09-01 10:06:21.646451+03
48	foodcartapp	0031_auto_20200703_0612	2023-09-01 10:06:21.65649+03
49	foodcartapp	0032_remove_restaurant_admin	2023-09-01 10:06:21.677419+03
50	foodcartapp	0033_auto_20200928_1930	2023-09-01 10:06:21.681829+03
51	foodcartapp	0034_auto_20200928_1930	2023-09-01 10:06:21.684762+03
52	foodcartapp	0035_auto_20200928_1941	2023-09-01 10:06:21.689494+03
53	foodcartapp	0036_auto_20210125_1532	2023-09-01 10:06:21.694399+03
54	foodcartapp	0037_auto_20210125_1833	2023-09-01 10:06:21.697528+03
55	foodcartapp	0038_alter_product_description	2023-09-01 10:06:21.701307+03
56	foodcartapp	0039_auto_20230704_2056	2023-09-01 10:06:21.719723+03
57	foodcartapp	0040_auto_20230704_2120	2023-09-01 10:06:21.73119+03
58	foodcartapp	0041_alter_orderitem_options	2023-09-01 10:06:21.735458+03
59	foodcartapp	0042_orderitem_price	2023-09-01 10:06:21.7419+03
60	foodcartapp	0043_alter_orderitem_product	2023-09-01 10:06:21.746512+03
61	foodcartapp	0044_order_status_alter_order_firstname_and_more	2023-09-01 10:06:21.761983+03
62	foodcartapp	0045_order_comment_alter_order_status	2023-09-01 10:06:21.768861+03
63	foodcartapp	0046_alter_order_comment	2023-09-01 10:06:21.775515+03
64	foodcartapp	0047_order_call_time_order_completed_at_order_created_at_and_more	2023-09-01 10:06:21.796516+03
65	foodcartapp	0048_order_paymentstatus	2023-09-01 10:06:21.804829+03
66	foodcartapp	0049_order_restaurant	2023-09-01 10:06:21.811766+03
67	foodcartapp	0050_rename_restaurant_order_restaurant	2023-09-01 10:06:21.825725+03
68	foodcartapp	0051_alter_order_paymentstatus_alter_order_status	2023-09-01 10:06:21.83219+03
69	foodcartapp	0052_alter_order_paymentstatus	2023-09-01 10:06:21.837019+03
70	foodcartapp	0053_alter_order_paymentstatus_alter_order_status	2023-09-01 10:06:21.865485+03
71	foodcartapp	0054_alter_order_paymentstatus_alter_order_status	2023-09-01 10:06:21.873837+03
72	foodcartapp	0055_alter_order_paymentstatus	2023-09-01 10:06:21.878075+03
73	foodcartapp	0056_rename_paymentstatus_order_payment_method	2023-09-01 10:06:21.882252+03
74	foodcartapp	0057_alter_order_restaurant	2023-09-01 10:06:21.885797+03
75	foodcartapp	0058_alter_orderitem_price	2023-09-01 10:06:21.891438+03
76	foodcartapp	0059_alter_orderitem_price	2023-09-01 10:06:21.895125+03
77	foodcartapp	0060_alter_orderitem_price	2023-09-01 10:06:21.902803+03
78	foodcartapp	0061_alter_orderitem_price	2023-09-01 10:06:21.91535+03
79	foodcartapp	0062_alter_orderitem_quantity	2023-09-01 10:06:21.920014+03
80	foodcartapp	0063_alter_orderitem_price	2023-09-01 10:06:21.923857+03
81	place	0001_initial	2023-09-01 10:06:21.931155+03
82	place	0002_alter_place_geocode_date	2023-09-01 10:06:21.933712+03
83	place	0003_alter_place_lat_alter_place_lon	2023-09-01 10:06:21.937188+03
84	sessions	0001_initial	2023-09-01 10:06:21.945097+03
\.


--
-- Data for Name: django_session; Type: TABLE DATA; Schema: public; Owner: admin
--

COPY public.django_session (session_key, session_data, expire_date) FROM stdin;
1f6xay1o80tyx9pmll34t3ioxnxz12bh	.eJxVjMEOwiAQBf-FsyEsUKAevfcbyAKLVA0kpT0Z_9026UGvM_Pem3nc1uK3ToufE7syYJdfFjA-qR4iPbDeG4-trssc-JHw03Y-tUSv29n-HRTsZV9LaTFpLUjgKDEKiJQHaZV0zgiVdbJmcA4ALZqwY5uVGSFkzEoTBmCfL8cUN2M:1qOIU3:QMFVgdqBbLFJhp44qM-YuAFv_zBR6UytsyeG7QPaYwo	2023-08-08 16:53:51.464+03
4u1fg25knif6nwzpak65or91sqj2f07r	.eJxVjMEOwiAQBf-FsyEsUKAevfcbyAKLVA0kpT0Z_9026UGvM_Pem3nc1uK3ToufE7syYJdfFjA-qR4iPbDeG4-trssc-JHw03Y-tUSv29n-HRTsZV9LaTFpLUjgKDEKiJQHaZV0zgiVdbJmcA4ALZqwY5uVGSFkzEoTBmCfL8cUN2M:1qHOS1:LWR2y16Em9mAI9yoG9GwBqx2CHxFdiiI8W-c9Q0s3-c	2023-07-20 15:51:13.307+03
6m6pn1xeuxntshylaydheei7o6dewvtu	.eJxVjMEOwiAQBf-FsyEsUKAevfcbyAKLVA0kpT0Z_9026UGvM_Pem3nc1uK3ToufE7syYJdfFjA-qR4iPbDeG4-trssc-JHw03Y-tUSv29n-HRTsZV9LaTFpLUjgKDEKiJQHaZV0zgiVdbJmcA4ALZqwY5uVGSFkzEoTBmCfL8cUN2M:1qH3Jl:QkO6mx-mnZ3_ZLMdVwo92Rsk4onIglVFfQ_9zaEqI3k	2023-07-19 17:17:17.63+03
nsitixt7jig0y6l9toa3sb0qis7rpnvb	.eJxVjMEOwiAQBf-FsyEsUKAevfcbyAKLVA0kpT0Z_9026UGvM_Pem3nc1uK3ToufE7syYJdfFjA-qR4iPbDeG4-trssc-JHw03Y-tUSv29n-HRTsZV9LaTFpLUjgKDEKiJQHaZV0zgiVdbJmcA4ALZqwY5uVGSFkzEoTBmCfL8cUN2M:1qH5lT:MHFzNrBz-dVc1nvrUYjz7who3wMTGlvrnsC5Wv2JrVQ	2023-07-19 19:54:03.676+03
rna27t7kavp28gkra6vpgv1ubljcap56	.eJxVjMEOwiAQBf-FsyEsUKAevfcbyAKLVA0kpT0Z_9026UGvM_Pem3nc1uK3ToufE7syYJdfFjA-qR4iPbDeG4-trssc-JHw03Y-tUSv29n-HRTsZV9LaTFpLUjgKDEKiJQHaZV0zgiVdbJmcA4ALZqwY5uVGSFkzEoTBmCfL8cUN2M:1qHUWT:EG_MxcksekYt6WImblf1iXQkpjBg3SLpsU0l82DxAu8	2023-07-20 22:20:13.814+03
s2ui1lia5kn56dgvg8sa1f8nudy9f66q	.eJxVjMEOwiAQBf-FsyEsUKAevfcbyAKLVA0kpT0Z_9026UGvM_Pem3nc1uK3ToufE7syYJdfFjA-qR4iPbDeG4-trssc-JHw03Y-tUSv29n-HRTsZV9LaTFpLUjgKDEKiJQHaZV0zgiVdbJmcA4ALZqwY5uVGSFkzEoTBmCfL8cUN2M:1qSJQ1:ElifUa4PK_CtIpgYZI7rFHcul7TlQvPVlqWu91vn6oA	2023-08-19 18:42:17.559+03
ttv7fe6urw41oygszhlj88xxbbd8hrf4	.eJxVjMEOwiAQBf-FsyEsUKAevfcbyAKLVA0kpT0Z_9026UGvM_Pem3nc1uK3ToufE7syYJdfFjA-qR4iPbDeG4-trssc-JHw03Y-tUSv29n-HRTsZV9LaTFpLUjgKDEKiJQHaZV0zgiVdbJmcA4ALZqwY5uVGSFkzEoTBmCfL8cUN2M:1qYOlh:K7EIFJOvhw0HMFI8-8cMuoHdubm52CU8T8Wm2b39UsQ	2023-09-05 13:37:49.527+03
wx559aqznu7tyg66v9eyjjlgn1v9pigx	.eJxVjEEOwiAQRe_C2hAgDjAu3XsGMjCjVA1NSrtqvLtt0oVu_3vvryrRMte0dJnSwOqinDr9bpnKS9oO-EntMeoytnkast4VfdCubyPL-3q4fweVet1qiJnQGgSyDkkoANzZuszBMEVAZBO8WGM2kjEUiT44jBY4nsUHUp8v1dc3WA:1qbiiA:2JFA40eb3F1HZrXNkPMnTWVFvXfZbUHS-QctLjRtrWI	2023-09-14 17:31:54.61+03
csinkmia2rb185biwn1c98ti6drotrdm	.eJxVjEEOwiAQRe_C2hAgDjAu3XsGMjCjVA1NSrtqvLtt0oVu_3vvryrRMte0dJnSwOqinDr9bpnKS9oO-EntMeoytnkast4VfdCubyPL-3q4fweVet1qiJnQGgSyDkkoANzZuszBMEVAZBO8WGM2kjEUiT44jBY4nsUHUp8v1dc3WA:1qbyZY:TViHo_AYXQDPoePbPIRbdBD-1xNjI765I-OPpacmYEY	2023-09-15 10:28:04.849217+03
l1pyrx6nr1ura5dtvm35jv0rieanbkuv	.eJxVjEEOwiAQRe_C2hAgDjAu3XsGMjCjVA1NSrtqvLtt0oVu_3vvryrRMte0dJnSwOqinDr9bpnKS9oO-EntMeoytnkast4VfdCubyPL-3q4fweVet1qiJnQGgSyDkkoANzZuszBMEVAZBO8WGM2kjEUiT44jBY4nsUHUp8v1dc3WA:1r2WJu:LR2HsemaJhF57H0rCAojt9vBG4JYIlckUlQNbQqJkEg	2023-11-27 15:45:38.57743+03
\.


--
-- Data for Name: foodcartapp_restaurant; Type: TABLE DATA; Schema: public; Owner: admin
--

COPY public.foodcartapp_restaurant (id, name, address, contact_phone) FROM stdin;
1	Star Burger Арбат	Москва, ул. Новый Арбат, 15	+7 (967) 157-44-13
2	Star Burger Цветной	Москва, Цветной бульвар, 11с2	+7 (929) 949-55-36
3	Star Burger Европейский	Москва, пл. Киевского Вокзала, 2	+7 (929) 680-47-58
\.


--
-- Data for Name: foodcartapp_order; Type: TABLE DATA; Schema: public; Owner: admin
--

COPY public.foodcartapp_order (id, firstname, lastname, address, phonenumber, status, comment, call_time, completed_at, created_at, payment_method, restaurant_id) FROM stdin;
1	Pavel	Ko	Киров	+79128231010	1		\N	\N	2023-07-09 14:42:13+03	0	\N
2	Pavel	Ko	Лондон	+79129121212	3		\N	\N	2023-07-09 14:45:52+03	0	\N
3	Pavel	KOLO	Минск	+79129121212	1		\N	\N	2023-07-09 14:46:24+03	0	\N
4	Sasha	KO	Красная Площадь	+79121231212	3		\N	\N	2023-07-09 14:47:47+03	0	3
5	Pasha	Kolotov	Казань	+79129126767	4		\N	\N	2023-07-09 14:48:40+03	0	2
6	Саша	Ко	Прываы	+79121212222	4		\N	\N	2023-07-09 21:25:48+03	0	\N
7	Кузя	Ко	Казань	+79129123434	0		\N	\N	2023-07-09 21:27:03+03	0	\N
9	Pavel	Kolotov	Киров	+79128231070	0		\N	\N	2023-07-10 18:24:54+03	0	2
10	ываывап	вапывап	Киров	+79127772211	0		\N	\N	2023-07-10 22:44:14+03	1	\N
11	Pavel	Kolotov	г. Пермь	+79128231070	0		\N	\N	2023-07-12 18:19:29.134+03	0	\N
12	Pavel	Kolotov	Ижевск	+79128231070	0		\N	\N	2023-07-12 20:41:32+03	0	\N
13	Василий	Васильевич	Лондон	+79123456789	0		\N	\N	2023-07-17 19:49:17.379+03	0	\N
14	Василий	Васильевич	Лондон	+79123456789	0		\N	\N	2023-07-17 19:51:19.13+03	0	\N
15	Василий	Васильевич	Лондон	+79123456789	0		\N	\N	2023-07-17 20:10:01.779+03	0	\N
16	Василий	Васильевич	Лондон	+79123456789	0		\N	\N	2023-07-17 22:22:19.354+03	0	\N
17	Василий	Васильевич	Лондон	+79123456789	0		\N	\N	2023-07-17 22:43:14.686+03	0	\N
18	Василий	Васильевич	Лондон	+79123456789	0		\N	\N	2023-07-17 23:18:00.972+03	0	\N
19	Василий	Васильевич	Лондон	+79123456789	0		\N	\N	2023-07-17 23:33:22.04+03	3	\N
20	Pavel	Kolotov	г. Киров	+79128231070	0		\N	\N	2023-07-17 23:35:13.449+03	3	\N
21	Василий	Васильевич	Лондон	+79123456789	0		\N	\N	2023-07-17 23:37:57.222+03	3	\N
22	Pavel	Kolotov	г. Киров,	+79128231070	0		\N	\N	2023-07-17 23:48:22.888+03	3	\N
23	Василий	Васильевич	Лондон	+79123456789	0		\N	\N	2023-07-17 23:48:51+03	3	\N
24	Павел	Колотова	Сыктывкар	+79129121212	0		\N	\N	2023-07-25 16:40:40.86+03	3	\N
30	pavel	Kol	Сочи	+79129121212	0		\N	\N	2023-08-05 23:01:30+03	3	\N
31	Кузя	Ко	Калининград	+79121211221	0		\N	\N	2023-08-05 23:26:16+03	3	\N
32	Kuzja	Ko	Иваново	+79129121212	0		\N	\N	2023-08-06 00:27:30+03	3	\N
\.


--
-- Data for Name: foodcartapp_productcategory; Type: TABLE DATA; Schema: public; Owner: admin
--

COPY public.foodcartapp_productcategory (id, name) FROM stdin;
1	Бургер
2	Ролл
\.


--
-- Data for Name: foodcartapp_product; Type: TABLE DATA; Schema: public; Owner: admin
--

COPY public.foodcartapp_product (id, name, price, image, special_status, description, category_id) FROM stdin;
1	Стейкхаус	269.00	steak_t4IWTHI.jpg	f	Стейкхаус – это сочетание нашей фирменной, приготовленной на огне 100% говядины с ломтиками бекона и соусом «Барбекю», майонезом, листьями свежего салата, помидором и хрустящим луком на воздушной булочке, посыпанной кукурузной крошкой.	1
2	Лонг Чизбургер	219.00	long_chiz_SFpFVr8.jpg	f	Лонг Чизбургер – эталон в коллекции чизбургеров! Два приготовленных на огне бифштекса с двумя ломтиками слегка расплавленного сыра, хрустящими огурчиками, рубленым луком, горчицей и кетчупом на длинной подрумяненной булочке с кунжутом.	1
3	Тройной Воппер	369.00	triple_vopper_uson1wp.jpg	f	"ВОППЕР® — это вкуснейшая приготовленная на огне 100% говядина с сочными помидорами, свежим нарезанным листовым салатом, густым майонезом, хрустящими маринованными огурчиками и свежим луком на нежной булочке с кунжутом."	1
4	Беконайзер	330.00	beconizer_vQJMkw9.jpg	f	Встречай самый внушительный бургер в коллекции Бургер Кинг. Много мяса, много бекона и много сыра - все, как ты любишь, и ничего лишнего!	1
5	Фиш Ролл	199.00	fish_roll_9JGOMM1.jpg	f	Наш новый ролл с аппетитной котлеткой из филе белой рыбы, с фирменным соусом, маринованными огурчиками и хрустящим салатом. Легкое рыбное удовольствие!	2
6	Шримп Ролл	209.00	shrimp_roll_xlDDYnY.jpg	f	Легкий ролл с нежными королевскими креветками в хрустящей панировке, свежий салат Айсберг и ломтик сыра в пшеничной лепешке под фирменным соусом «Кинг». Внимание! Блюдо содержит аллергены – морепродукты.	2
\.


--
-- Data for Name: foodcartapp_orderitem; Type: TABLE DATA; Schema: public; Owner: admin
--

COPY public.foodcartapp_orderitem (id, quantity, order_id, product_id, price) FROM stdin;
81	1	1	1	369.00
82	1	3	1	269.00
83	1	4	3	369.00
84	1	5	1	269.00
85	1	5	2	219.00
86	1	5	3	369.00
87	1	2	1	269.00
88	1	2	2	219.00
89	1	6	4	330.00
90	1	6	2	219.00
91	1	6	3	369.00
92	1	7	1	269.00
93	1	7	2	119.00
95	1	9	6	209.00
96	1	9	1	269.00
97	1	9	2	219.00
98	1	1	2	219.00
99	1	1	3	369.00
100	1	10	4	330.00
101	1	10	1	269.00
102	1	11	1	269.00
103	1	11	2	219.00
104	1	12	1	269.00
105	1	12	2	219.00
106	1	13	1	269.00
107	1	14	1	269.00
108	1	15	1	269.00
109	1	16	1	269.00
110	1	17	1	269.00
111	1	18	1	269.00
112	1	19	1	269.00
113	1	20	1	269.00
114	1	21	1	269.00
115	2	22	1	269.00
116	2	22	2	219.00
117	2	22	3	369.00
118	1	23	1	269.00
119	1	23	1	269.00
120	1	23	2	219.00
121	1	23	4	330.00
122	1	7	6	209.00
123	1	7	5	199.00
124	1	7	1	269.00
125	1	24	2	219.00
134	1	30	1	269.00
135	1	30	2	219.00
136	1	31	1	269.00
137	1	32	2	219.00
\.


--
-- Data for Name: foodcartapp_restaurantmenuitem; Type: TABLE DATA; Schema: public; Owner: admin
--

COPY public.foodcartapp_restaurantmenuitem (id, availability, product_id, restaurant_id) FROM stdin;
1	f	1	1
2	t	2	1
3	t	3	1
4	t	4	1
5	f	5	1
6	t	6	1
7	t	1	2
8	t	2	2
9	t	3	2
10	t	4	2
11	f	5	2
12	t	6	2
13	t	1	3
14	t	2	3
15	t	3	3
16	t	4	3
17	t	5	3
18	t	6	3
\.


--
-- Data for Name: place_place; Type: TABLE DATA; Schema: public; Owner: admin
--

COPY public.place_place (id, address, lat, lon, geocode_date) FROM stdin;
10	Москва, ул. Новый Арбат, 15	55.752141	37.592420	2023-07-10
11	Москва, Цветной бульвар, 11с2	55.770076	37.620429	2023-07-10
12	Москва, пл. Киевского Вокзала, 2	55.744637	37.566072	2023-07-10
13	Казань	55.796127	49.106414	2023-07-10
14	Киров	58.603595	49.668023	2023-07-10
15	Минск	53.902284	27.561831	2023-07-10
16	Лондон	51.507351	-0.127696	2023-07-10
17	Красная Площадь	55.753544	37.621202	2023-07-10
18	г. Пермь	58.010455	56.229443	2023-07-12
19	Ижевск	56.852676	53.206900	2023-07-12
20	г. Киров	58.603595	49.668023	2023-07-17
21	г. Киров,	58.603595	49.668023	2023-07-17
22	Глазов	58.140801	52.674253	2023-07-25
23	Сыктывкар	61.668797	50.836497	2023-07-26
24	sdfsdfsasf	\N	\N	2023-08-05
25	Сочи	43.585472	39.723098	2023-08-05
26	фывфывааывмыф	\N	\N	2023-08-05
27	Калининград	54.710162	20.510137	2023-08-05
28	sdfasgahasdb	\N	\N	2023-08-05
29	Иваново	57.000353	40.973930	2023-08-05
\.


--
-- Name: auth_group_id_seq; Type: SEQUENCE SET; Schema: public; Owner: admin
--

SELECT pg_catalog.setval('public.auth_group_id_seq', 1, false);


--
-- Name: auth_group_permissions_id_seq; Type: SEQUENCE SET; Schema: public; Owner: admin
--

SELECT pg_catalog.setval('public.auth_group_permissions_id_seq', 1, false);


--
-- Name: auth_permission_id_seq; Type: SEQUENCE SET; Schema: public; Owner: admin
--

SELECT pg_catalog.setval('public.auth_permission_id_seq', 52, true);


--
-- Name: auth_user_groups_id_seq; Type: SEQUENCE SET; Schema: public; Owner: admin
--

SELECT pg_catalog.setval('public.auth_user_groups_id_seq', 1, false);


--
-- Name: auth_user_id_seq; Type: SEQUENCE SET; Schema: public; Owner: admin
--

SELECT pg_catalog.setval('public.auth_user_id_seq', 2, true);


--
-- Name: auth_user_user_permissions_id_seq; Type: SEQUENCE SET; Schema: public; Owner: admin
--

SELECT pg_catalog.setval('public.auth_user_user_permissions_id_seq', 1, false);


--
-- Name: django_admin_log_id_seq; Type: SEQUENCE SET; Schema: public; Owner: admin
--

SELECT pg_catalog.setval('public.django_admin_log_id_seq', 223, true);


--
-- Name: django_content_type_id_seq; Type: SEQUENCE SET; Schema: public; Owner: admin
--

SELECT pg_catalog.setval('public.django_content_type_id_seq', 13, true);


--
-- Name: django_migrations_id_seq; Type: SEQUENCE SET; Schema: public; Owner: admin
--

SELECT pg_catalog.setval('public.django_migrations_id_seq', 84, true);


--
-- Name: foodcartapp_hotel_id_seq; Type: SEQUENCE SET; Schema: public; Owner: admin
--

SELECT pg_catalog.setval('public.foodcartapp_hotel_id_seq', 3, true);


--
-- Name: foodcartapp_order_id_seq; Type: SEQUENCE SET; Schema: public; Owner: admin
--

SELECT pg_catalog.setval('public.foodcartapp_order_id_seq', 32, true);


--
-- Name: foodcartapp_orderitem_id_seq; Type: SEQUENCE SET; Schema: public; Owner: admin
--

SELECT pg_catalog.setval('public.foodcartapp_orderitem_id_seq', 137, true);


--
-- Name: foodcartapp_product_id_seq; Type: SEQUENCE SET; Schema: public; Owner: admin
--

SELECT pg_catalog.setval('public.foodcartapp_product_id_seq', 6, true);


--
-- Name: foodcartapp_productcategory_id_seq; Type: SEQUENCE SET; Schema: public; Owner: admin
--

SELECT pg_catalog.setval('public.foodcartapp_productcategory_id_seq', 2, true);


--
-- Name: foodcartapp_restaurantmenuitem_id_seq; Type: SEQUENCE SET; Schema: public; Owner: admin
--

SELECT pg_catalog.setval('public.foodcartapp_restaurantmenuitem_id_seq', 18, true);


--
-- Name: place_place_id_seq; Type: SEQUENCE SET; Schema: public; Owner: admin
--

SELECT pg_catalog.setval('public.place_place_id_seq', 29, true);


--
-- PostgreSQL database dump complete
--

